id,odd
0,"[(0, 0.046361726), (2, 0.2373591), (4, 0.096795894), (6, 0.38416952), (7, 0.08049586), (8, 0.10617219), (9, 0.04563054)]"
1,"[(0, 0.08953267), (3, 0.5035592), (4, 0.1472777), (7, 0.027315248), (8, 0.07239484), (9, 0.14558588)]"
10,"[(0, 0.09605306), (1, 0.053214855), (2, 0.16316217), (4, 0.03235387), (5, 0.014987992), (6, 0.0734995), (7, 0.25224665), (8, 0.063100904), (9, 0.24965543)]"
100,"[(2, 0.2662607), (4, 0.052925374), (6, 0.073490925), (7, 0.012976407), (8, 0.36277163), (9, 0.21250786)]"
101,"[(4, 0.85814065), (8, 0.01699732), (9, 0.08907909)]"
102,"[(3, 0.51311564), (4, 0.22358364), (6, 0.21703398), (9, 0.018718215)]"
103,"[(1, 0.058623046), (2, 0.17252481), (3, 0.015652584), (4, 0.23649935), (5, 0.06323017), (6, 0.037358433), (7, 0.11272889), (8, 0.27212754), (9, 0.028480612)]"
104,"[(0, 0.087366894), (1, 0.04031073), (2, 0.15018485), (3, 0.04236592), (4, 0.10529341), (5, 0.0114934435), (6, 0.07336334), (7, 0.14264648), (8, 0.17535135), (9, 0.17162359)]"
105,"[(1, 0.047729786), (2, 0.19526017), (3, 0.06199059), (4, 0.56639105), (7, 0.07196937), (8, 0.020071106), (9, 0.01968106)]"
106,"[(2, 0.18305552), (4, 0.5918823), (7, 0.02849104), (8, 0.17604081), (9, 0.010089033)]"
107,"[(1, 0.058236834), (2, 0.32943422), (3, 0.011601105), (4, 0.28910488), (7, 0.024458254), (8, 0.1719077), (9, 0.11061142)]"
108,"[(2, 0.20202775), (3, 0.015453624), (4, 0.44797608), (7, 0.057371512), (8, 0.020118784), (9, 0.25006697)]"
109,"[(0, 0.029128088), (1, 0.073689595), (2, 0.013391495), (3, 0.05368469), (4, 0.23206595), (6, 0.011667384), (7, 0.077877395), (8, 0.038609505), (9, 0.46930382)]"
11,"[(0, 0.09889639), (1, 0.048492912), (2, 0.12627792), (4, 0.034468763), (6, 0.066283874), (7, 0.2796507), (8, 0.14900357), (9, 0.18932112)]"
110,"[(0, 0.10476465), (1, 0.011999445), (2, 0.19654188), (3, 0.011685119), (4, 0.35363314), (6, 0.14540878), (7, 0.071980745), (8, 0.081142046), (9, 0.022604944)]"
111,"[(2, 0.02317023), (3, 0.06450484), (4, 0.43731582), (5, 0.044506166), (6, 0.037676457), (7, 0.038769994), (8, 0.2354634), (9, 0.11330194)]"
112,"[(0, 0.031293064), (2, 0.047431916), (3, 0.044166956), (4, 0.3943122), (6, 0.015200123), (8, 0.30954784), (9, 0.15122578)]"
113,"[(2, 0.02767119), (3, 0.12857382), (4, 0.34156388), (6, 0.059762888), (7, 0.10488013), (8, 0.26293626), (9, 0.06835188)]"
114,"[(1, 0.02229627), (2, 0.04174671), (4, 0.69257236), (7, 0.07044247), (8, 0.13344954), (9, 0.024478097)]"
115,"[(2, 0.39587495), (4, 0.25321633), (7, 0.049738586), (8, 0.28199577)]"
116,"[(0, 0.06363975), (2, 0.0962949), (3, 0.11957547), (4, 0.35426134), (7, 0.010116242), (8, 0.22115837), (9, 0.12912254)]"
117,"[(0, 0.06624486), (2, 0.12969221), (4, 0.30665097), (6, 0.028264364), (7, 0.1838508), (8, 0.014971685), (9, 0.2627992)]"
118,"[(2, 0.021490421), (3, 0.27972704), (4, 0.10501618), (5, 0.025016967), (6, 0.045743573), (7, 0.44701216), (9, 0.06388858)]"
119,"[(3, 0.18733358), (4, 0.40063065), (6, 0.07729083), (7, 0.09926699), (8, 0.16164066), (9, 0.06185713)]"
12,"[(0, 0.7316555), (7, 0.20234373), (8, 0.051967736)]"
120,"[(0, 0.012641235), (1, 0.033652823), (2, 0.24991533), (4, 0.28717855), (6, 0.02617031), (7, 0.01581351), (8, 0.3523694), (9, 0.02025413)]"
121,"[(1, 0.04617587), (2, 0.28173995), (3, 0.04424122), (4, 0.12609506), (6, 0.24369307), (7, 0.010709305), (8, 0.2055126), (9, 0.04001004)]"
122,"[(2, 0.035221037), (4, 0.7841506), (7, 0.019806491), (8, 0.08908514), (9, 0.06332625)]"
123,"[(1, 0.089797266), (2, 0.15924877), (3, 0.03761994), (4, 0.3481123), (6, 0.099800475), (7, 0.04771654), (8, 0.1536638), (9, 0.058625665)]"
124,"[(2, 0.1034737), (3, 0.4661297), (4, 0.22060704), (6, 0.01863359), (7, 0.088793695), (8, 0.057648864), (9, 0.04077961)]"
125,"[(0, 0.014202969), (2, 0.08111695), (3, 0.055637665), (4, 0.6249763), (6, 0.044020586), (7, 0.026465531), (8, 0.08587039), (9, 0.06628995)]"
126,"[(0, 0.03270014), (1, 0.015353406), (2, 0.15946673), (4, 0.35459995), (6, 0.069797665), (7, 0.13043801), (8, 0.22621334), (9, 0.010194098)]"
127,"[(2, 0.36374757), (3, 0.018342156), (4, 0.38096568), (5, 0.011310144), (6, 0.011592953), (7, 0.02084871), (8, 0.119620815), (9, 0.06286797)]"
128,"[(0, 0.038692363), (2, 0.22985038), (3, 0.09337463), (4, 0.20492932), (8, 0.3945806), (9, 0.027236376)]"
129,"[(0, 0.07918524), (1, 0.06160876), (2, 0.015250079), (4, 0.31149298), (7, 0.16915745), (8, 0.21112783), (9, 0.14509815)]"
13,"[(0, 0.2920921), (2, 0.03705612), (3, 0.13670084), (4, 0.11951585), (6, 0.033390075), (7, 0.041870657), (8, 0.17802274), (9, 0.16001977)]"
130,"[(2, 0.026293183), (3, 0.033737168), (4, 0.27916503), (6, 0.018340234), (7, 0.012790782), (8, 0.48004708), (9, 0.14502111)]"
131,"[(1, 0.035537433), (2, 0.0132400235), (4, 0.17763713), (7, 0.55311), (8, 0.19147503), (9, 0.013258016)]"
132,"[(0, 0.016662028), (2, 0.058279652), (4, 0.43995085), (8, 0.02409465), (9, 0.44565558)]"
133,"[(2, 0.0667142), (3, 0.054748774), (4, 0.439812), (7, 0.017768009), (8, 0.37266278), (9, 0.035672173)]"
134,"[(1, 0.07326539), (2, 0.19563612), (3, 0.015480964), (4, 0.29905623), (6, 0.048886307), (7, 0.26009926), (8, 0.020472739), (9, 0.08311996)]"
135,"[(0, 0.012577357), (4, 0.17661561), (6, 0.20907429), (7, 0.40669894), (9, 0.18096003)]"
136,"[(0, 0.17475389), (1, 0.22993134), (2, 0.17301346), (3, 0.13062337), (4, 0.07829739), (7, 0.108774506), (8, 0.06888671), (9, 0.032251574)]"
137,"[(2, 0.15237726), (3, 0.036029816), (4, 0.24002999), (6, 0.10041819), (8, 0.22670478), (9, 0.23480289)]"
138,"[(0, 0.047251645), (2, 0.6329871), (3, 0.035003904), (4, 0.14668909), (6, 0.018273892), (7, 0.010931438), (8, 0.029253624), (9, 0.076962605)]"
139,"[(2, 0.18666638), (3, 0.062276017), (4, 0.31626594), (6, 0.015669817), (7, 0.016362987), (8, 0.10624965), (9, 0.28978744)]"
14,"[(0, 0.09864805), (2, 0.1532092), (4, 0.13875443), (6, 0.1656486), (7, 0.18153803), (8, 0.22328302), (9, 0.03657896)]"
140,"[(0, 0.10604512), (2, 0.31092635), (4, 0.20386885), (7, 0.057879426), (8, 0.16787429), (9, 0.13875024)]"
141,"[(0, 0.09491866), (2, 0.019202434), (4, 0.054714862), (6, 0.09093112), (7, 0.46797088), (9, 0.2620877)]"
142,"[(0, 0.21225141), (4, 0.3753579), (8, 0.062221274), (9, 0.33058068)]"
143,"[(1, 0.1192611), (2, 0.25727102), (4, 0.2539473), (6, 0.036035433), (7, 0.20026225), (8, 0.05343961), (9, 0.07627848)]"
144,"[(2, 0.023447271), (4, 0.16252913), (5, 0.02311628), (7, 0.3247098), (8, 0.2739795), (9, 0.183284)]"
145,"[(2, 0.18763018), (3, 0.45732808), (4, 0.05093141), (5, 0.07382305), (7, 0.15728591), (8, 0.03437996), (9, 0.021125564)]"
146,"[(1, 0.13264841), (2, 0.1761513), (4, 0.2586379), (8, 0.25477803), (9, 0.16479115)]"
147,"[(1, 0.061740454), (2, 0.20768863), (3, 0.23114197), (4, 0.10751674), (8, 0.01668888), (9, 0.35892612)]"
148,"[(3, 0.74162555), (4, 0.10785656), (9, 0.12654479)]"
149,"[(0, 0.01786022), (1, 0.04434928), (2, 0.060853224), (3, 0.45297074), (4, 0.26285613), (6, 0.030135795), (7, 0.05918058), (8, 0.0244957), (9, 0.04698711)]"
15,"[(0, 0.19528078), (3, 0.08972284), (4, 0.09265049), (6, 0.106459536), (8, 0.43883336), (9, 0.0658633)]"
150,"[(0, 0.10335182), (3, 0.0537292), (4, 0.22603934), (6, 0.086298786), (7, 0.46129894), (9, 0.052177276)]"
151,"[(1, 0.108717196), (2, 0.10727531), (3, 0.12406774), (4, 0.23255701), (7, 0.1460398), (8, 0.1001602), (9, 0.17246473)]"
152,"[(1, 0.12818705), (2, 0.16954437), (4, 0.25033474), (8, 0.24460846), (9, 0.1944947)]"
153,"[(2, 0.42118815), (4, 0.29646367), (6, 0.023147065), (7, 0.016145075), (8, 0.17896385), (9, 0.053500094)]"
154,"[(2, 0.05673759), (4, 0.29645184), (8, 0.37730804), (9, 0.24652319)]"
155,"[(0, 0.25057977), (2, 0.20688249), (4, 0.02687496), (7, 0.12053559), (8, 0.027776813), (9, 0.362397)]"
156,"[(0, 0.2636943), (5, 0.6022295), (8, 0.12694648)]"
157,"[(2, 0.30520806), (4, 0.18069896), (5, 0.030775012), (6, 0.019432276), (7, 0.027254246), (8, 0.3050306), (9, 0.124841936)]"
158,"[(0, 0.014375661), (2, 0.123598896), (4, 0.15565592), (8, 0.6456206), (9, 0.04554967)]"
159,"[(1, 0.27744284), (2, 0.013057306), (7, 0.010376054), (8, 0.012260327), (9, 0.6636016)]"
16,"[(0, 0.044417284), (1, 0.04269686), (2, 0.017555613), (3, 0.13404126), (4, 0.050225142), (6, 0.023604723), (7, 0.42314065), (8, 0.23171291), (9, 0.032438613)]"
160,"[(1, 0.016832402), (2, 0.09227211), (3, 0.20434707), (4, 0.47606632), (8, 0.023839997), (9, 0.17192851)]"
161,"[(2, 0.665594), (4, 0.09889069), (7, 0.09862627), (8, 0.072889805), (9, 0.04864295)]"
162,"[(0, 0.02615429), (1, 0.05325722), (2, 0.11421256), (3, 0.27481234), (4, 0.21464483), (7, 0.014886262), (8, 0.03259145), (9, 0.266524)]"
163,"[(0, 0.0557807), (2, 0.017540239), (4, 0.2980983), (6, 0.018627508), (7, 0.4069179), (8, 0.09142191), (9, 0.10732522)]"
164,"[(0, 0.047157183), (2, 0.043130655), (3, 0.5084753), (4, 0.242228), (7, 0.055587847), (8, 0.017414816), (9, 0.0822672)]"
165,"[(0, 0.010661367), (1, 0.30671436), (2, 0.025929078), (3, 0.14219542), (4, 0.18193065), (7, 0.06562209), (8, 0.24076393), (9, 0.021759039)]"
166,"[(0, 0.08563375), (2, 0.1325123), (4, 0.0117839845), (6, 0.35539246), (7, 0.21755941), (8, 0.07555832), (9, 0.11631631)]"
167,"[(2, 0.21931803), (4, 0.012336702), (7, 0.0357036), (8, 0.63140345), (9, 0.07684668)]"
168,"[(1, 0.60965604), (2, 0.040457323), (3, 0.07522151), (4, 0.016635576), (8, 0.015333078), (9, 0.22354896)]"
169,"[(0, 0.022122996), (2, 0.12834384), (3, 0.3462879), (4, 0.26362267), (7, 0.058489863), (8, 0.07884327), (9, 0.098144226)]"
17,"[(3, 0.123822294), (4, 0.044780817), (7, 0.47053483), (8, 0.30622905), (9, 0.040529158)]"
170,"[(1, 0.2276902), (2, 0.1306933), (4, 0.071274675), (5, 0.13949415), (7, 0.1323407), (8, 0.17992252), (9, 0.105843596)]"
171,"[(1, 0.033348784), (2, 0.37305406), (3, 0.2078501), (4, 0.25755334), (8, 0.083188616), (9, 0.027943654)]"
172,"[(1, 0.015195676), (2, 0.015249787), (3, 0.027943294), (4, 0.5716275), (7, 0.01130921), (8, 0.15806441), (9, 0.19052278)]"
173,"[(1, 0.1673966), (2, 0.019477531), (4, 0.17469661), (7, 0.120959334), (8, 0.011350338), (9, 0.49622378)]"
174,"[(2, 0.113388136), (4, 0.1600157), (6, 0.054970812), (8, 0.5773431), (9, 0.07757378)]"
175,"[(2, 0.09454273), (3, 0.0378702), (4, 0.18871157), (6, 0.034263216), (7, 0.10337834), (8, 0.36875355), (9, 0.16747808)]"
176,"[(2, 0.055907067), (3, 0.09301705), (4, 0.034760002), (6, 0.13466775), (7, 0.5560898), (8, 0.030549904), (9, 0.09074273)]"
177,"[(0, 0.017463278), (2, 0.042161852), (3, 0.147128), (4, 0.02244117), (6, 0.4391604), (7, 0.0202102), (8, 0.13866308), (9, 0.17058083)]"
178,"[(2, 0.25998417), (3, 0.0413546), (4, 0.018175965), (6, 0.113165095), (8, 0.041516047), (9, 0.51321566)]"
179,"[(2, 0.27828768), (4, 0.022628011), (6, 0.13280025), (8, 0.024498947), (9, 0.5206827)]"
18,"[(8, 0.200216), (9, 0.78095835)]"
180,"[(2, 0.1230181), (3, 0.021350246), (4, 0.2570881), (7, 0.14266782), (8, 0.248192), (9, 0.19972253)]"
181,"[(2, 0.46157372), (4, 0.12288211), (6, 0.06886376), (7, 0.108190164), (8, 0.0650535), (9, 0.165568)]"
182,"[(1, 0.06074402), (2, 0.13580227), (3, 0.037076585), (4, 0.18055654), (6, 0.03679541), (7, 0.010390387), (8, 0.2356533), (9, 0.29402107)]"
183,"[(0, 0.014948777), (1, 0.02579538), (2, 0.62608933), (3, 0.08059508), (4, 0.085034594), (6, 0.023825316), (8, 0.037179086), (9, 0.098957956)]"
184,"[(0, 0.0140378075), (1, 0.05556617), (4, 0.2312623), (7, 0.017008774), (8, 0.63134), (9, 0.035871673)]"
185,"[(1, 0.014211936), (2, 0.56388694), (3, 0.15736365), (4, 0.10458942), (7, 0.12337028), (8, 0.0121503305), (9, 0.016648648)]"
186,"[(2, 0.0278045), (3, 0.033086255), (4, 0.50794417), (6, 0.12033363), (7, 0.011302024), (8, 0.21421571), (9, 0.07998435)]"
187,"[(0, 0.014402831), (1, 0.20748156), (2, 0.08134518), (3, 0.03994854), (4, 0.022352854), (6, 0.28596026), (8, 0.12912217), (9, 0.21254277)]"
188,"[(1, 0.20958674), (2, 0.15752514), (4, 0.25667036), (6, 0.025899488), (7, 0.07553252), (8, 0.12731561), (9, 0.13692707)]"
189,"[(2, 0.11502309), (3, 0.6508262), (4, 0.09746889), (7, 0.08064217), (8, 0.025749179), (9, 0.018579202)]"
19,"[(6, 0.01131511), (8, 0.21424125), (9, 0.76690173)]"
190,"[(1, 0.07631979), (2, 0.20138502), (4, 0.0910035), (7, 0.04776316), (8, 0.5152327), (9, 0.05046324)]"
191,"[(0, 0.012737649), (1, 0.05046587), (2, 0.27540466), (4, 0.12152019), (8, 0.0806798), (9, 0.44339535)]"
192,"[(0, 0.017810805), (2, 0.14045516), (3, 0.2616788), (4, 0.125581), (6, 0.014697363), (7, 0.02827813), (8, 0.3528335), (9, 0.048144426)]"
193,"[(0, 0.021007687), (1, 0.07032841), (2, 0.15550134), (4, 0.04560909), (7, 0.12518664), (8, 0.09264534), (9, 0.48587176)]"
194,"[(1, 0.1185013), (2, 0.12967108), (4, 0.3258585), (7, 0.049486466), (8, 0.11170032), (9, 0.2528453)]"
195,"[(2, 0.010186641), (3, 0.21101214), (4, 0.19554381), (7, 0.28991917), (8, 0.26738572), (9, 0.015066326)]"
196,"[(3, 0.13244088), (4, 0.18028437), (7, 0.17016989), (8, 0.010545784), (9, 0.48792705)]"
197,"[(0, 0.061388366), (2, 0.14090207), (4, 0.13624755), (7, 0.028443458), (8, 0.59054035), (9, 0.03364995)]"
198,"[(1, 0.06735125), (2, 0.28856635), (3, 0.22310509), (4, 0.06947919), (6, 0.05516965), (7, 0.013573484), (8, 0.15692317), (9, 0.12182796)]"
199,"[(1, 0.05286462), (2, 0.15438592), (3, 0.012735964), (4, 0.24499594), (7, 0.040720906), (8, 0.39054173), (9, 0.0979557)]"
2,"[(0, 0.043421604), (1, 0.039801385), (2, 0.020014014), (3, 0.45954347), (4, 0.16126432), (6, 0.026548812), (8, 0.1371765), (9, 0.10310252)]"
20,"[(0, 0.21304981), (2, 0.013133654), (4, 0.01131026), (6, 0.102890104), (8, 0.5715794), (9, 0.06684893)]"
200,"[(0, 0.0675021), (1, 0.12293693), (2, 0.011082485), (3, 0.17338826), (4, 0.2551253), (7, 0.037370663), (8, 0.11220044), (9, 0.21515726)]"
201,"[(0, 0.017454775), (1, 0.066745386), (2, 0.39811623), (4, 0.14885339), (7, 0.09704043), (8, 0.06751311), (9, 0.19886506)]"
202,"[(0, 0.025691161), (1, 0.0724346), (2, 0.0741139), (4, 0.15998968), (6, 0.3752366), (7, 0.17538944), (8, 0.040582623), (9, 0.074275754)]"
203,"[(1, 0.3430366), (2, 0.035698064), (3, 0.33458877), (4, 0.1444712), (6, 0.010257114), (7, 0.0675375), (8, 0.049753513), (9, 0.011883539)]"
204,"[(1, 0.053124003), (2, 0.17609398), (4, 0.49522838), (6, 0.016978545), (7, 0.01738992), (8, 0.09196881), (9, 0.14090364)]"
205,"[(0, 0.021807095), (1, 0.07776276), (2, 0.06443531), (3, 0.016023928), (4, 0.12730117), (6, 0.041047648), (7, 0.1736637), (8, 0.12115852), (9, 0.3562933)]"
206,"[(0, 0.01845665), (1, 0.075120896), (2, 0.19536075), (3, 0.053628694), (4, 0.23676403), (6, 0.02030709), (7, 0.1820579), (8, 0.20569459), (9, 0.012205025)]"
207,"[(2, 0.03149031), (4, 0.51235443), (7, 0.34422415), (8, 0.02883658), (9, 0.07317965)]"
208,"[(1, 0.41704857), (2, 0.11003201), (4, 0.18984653), (5, 0.086737595), (7, 0.018284785), (8, 0.065711066), (9, 0.093600586)]"
209,"[(0, 0.031984806), (1, 0.03628603), (2, 0.266474), (3, 0.048409615), (4, 0.02663), (7, 0.1493971), (8, 0.42683092)]"
21,"[(0, 0.15356506), (2, 0.01736425), (3, 0.087973684), (4, 0.039323125), (6, 0.31862706), (7, 0.04907587), (8, 0.13283661), (9, 0.20038347)]"
210,"[(0, 0.029140173), (2, 0.18141188), (4, 0.46439958), (6, 0.02965901), (8, 0.01791581), (9, 0.26801607)]"
211,"[(1, 0.019485231), (2, 0.02574071), (3, 0.036520924), (4, 0.025667373), (6, 0.029958429), (7, 0.044244073), (8, 0.73580915), (9, 0.07719483)]"
212,"[(1, 0.31740925), (2, 0.33674076), (4, 0.07209599), (7, 0.13180074), (8, 0.028803695), (9, 0.10716507)]"
213,"[(0, 0.03662923), (1, 0.06242492), (2, 0.21657425), (3, 0.041196372), (4, 0.26940647), (5, 0.04411613), (6, 0.016126156), (7, 0.023897717), (8, 0.21525887), (9, 0.07436988)]"
214,"[(0, 0.03988067), (1, 0.4957825), (2, 0.022946259), (4, 0.042341545), (7, 0.06165116), (8, 0.20330967), (9, 0.12872429)]"
215,"[(0, 0.01183576), (1, 0.058785997), (2, 0.15856244), (3, 0.03711186), (4, 0.3786663), (6, 0.04371354), (7, 0.021647416), (8, 0.049328256), (9, 0.23859483)]"
216,"[(1, 0.028510487), (2, 0.42985055), (4, 0.044163637), (6, 0.1505369), (7, 0.22704324), (8, 0.045947857), (9, 0.07166542)]"
217,"[(1, 0.033158068), (2, 0.33111966), (3, 0.033945538), (4, 0.16931438), (7, 0.029416831), (8, 0.33456585), (9, 0.064486936)]"
218,"[(0, 0.023313444), (1, 0.0690998), (2, 0.23077326), (4, 0.03583431), (6, 0.018840544), (7, 0.04205798), (8, 0.4782851), (9, 0.09625133)]"
219,"[(0, 0.074987), (1, 0.15422285), (2, 0.5546878), (3, 0.03782845), (4, 0.07866822), (7, 0.044455618), (8, 0.035902876), (9, 0.016919572)]"
22,"[(2, 0.09581551), (3, 0.038553443), (4, 0.25429967), (6, 0.06882548), (7, 0.15370901), (8, 0.24399658), (9, 0.13787666)]"
220,"[(0, 0.05147915), (1, 0.01755517), (2, 0.07752846), (4, 0.82648253), (9, 0.01089063)]"
221,"[(0, 0.065816544), (1, 0.016398448), (2, 0.26044345), (4, 0.37041625), (6, 0.18161197), (7, 0.016645726), (8, 0.06752178), (9, 0.01851367)]"
222,"[(1, 0.070564315), (2, 0.17842601), (3, 0.2951542), (4, 0.23645495), (6, 0.01864022), (8, 0.15330903), (9, 0.038096618)]"
223,"[(2, 0.07142658), (3, 0.106848806), (4, 0.024178356), (7, 0.19310856), (8, 0.3700947), (9, 0.22042453)]"
224,"[(1, 0.4585467), (2, 0.0112587325), (4, 0.34633863), (7, 0.051813405), (8, 0.065196514), (9, 0.045230556)]"
225,"[(2, 0.1770977), (3, 0.23768583), (4, 0.101848006), (6, 0.030861808), (7, 0.0664541), (8, 0.36935258)]"
226,"[(0, 0.02334815), (1, 0.09631093), (2, 0.4188838), (3, 0.07317919), (6, 0.015252003), (7, 0.01695741), (8, 0.34403107)]"
227,"[(1, 0.6058458), (7, 0.12965064), (8, 0.19179752), (9, 0.057355005)]"
228,"[(1, 0.14961031), (2, 0.15767749), (3, 0.03319175), (4, 0.15840249), (7, 0.123813085), (8, 0.34452027), (9, 0.019517105)]"
229,"[(1, 0.3074324), (2, 0.3681659), (4, 0.066724226), (7, 0.113646686), (8, 0.045618363), (9, 0.09463882)]"
23,"[(1, 0.0609629), (2, 0.30170807), (3, 0.10791632), (4, 0.03677344), (6, 0.020891385), (7, 0.076891005), (8, 0.3821757)]"
230,"[(0, 0.038173694), (1, 0.19438493), (2, 0.03114067), (4, 0.06543698), (6, 0.027285142), (7, 0.12312356), (8, 0.22779496), (9, 0.28882763)]"
231,"[(0, 0.010779013), (2, 0.09866637), (4, 0.19210245), (5, 0.034243613), (7, 0.016163742), (8, 0.1959884), (9, 0.43191335)]"
232,"[(0, 0.029327404), (1, 0.053891145), (2, 0.076600336), (4, 0.28220934), (7, 0.0118685), (8, 0.45163798), (9, 0.08464764)]"
233,"[(2, 0.2764628), (4, 0.08125203), (7, 0.012923763), (8, 0.25526974), (9, 0.35244396)]"
234,"[(0, 0.12693852), (1, 0.10057594), (2, 0.03032403), (3, 0.10801774), (4, 0.02362326), (5, 0.08757984), (6, 0.013463765), (7, 0.26026267), (8, 0.20423436), (9, 0.044979893)]"
235,"[(0, 0.022433955), (1, 0.05191967), (2, 0.23785852), (4, 0.18966086), (8, 0.015196086), (9, 0.47081733)]"
236,"[(0, 0.0677863), (2, 0.30824777), (3, 0.014253393), (4, 0.12430724), (6, 0.019319043), (8, 0.017084295), (9, 0.4407487)]"
237,"[(0, 0.013551216), (1, 0.76432544), (2, 0.02184386), (4, 0.054421265), (6, 0.011773608), (7, 0.031285893), (8, 0.06521519), (9, 0.027804451)]"
238,"[(0, 0.014101613), (2, 0.012595651), (3, 0.13686977), (4, 0.06509108), (7, 0.3075112), (8, 0.016496893), (9, 0.4361353)]"
239,"[(0, 0.014881166), (1, 0.11886269), (2, 0.085919574), (3, 0.058785543), (4, 0.044602275), (7, 0.15228303), (8, 0.49124813), (9, 0.03165371)]"
24,"[(0, 0.035213705), (1, 0.052672643), (2, 0.09012901), (4, 0.5611442), (7, 0.032265004), (8, 0.1678703), (9, 0.05640292)]"
240,"[(1, 0.07545406), (2, 0.2050981), (3, 0.09480562), (4, 0.16272287), (7, 0.029677283), (8, 0.13768646), (9, 0.29219684)]"
241,"[(1, 0.020817375), (2, 0.3352644), (4, 0.2666337), (6, 0.23354885), (7, 0.037734445), (8, 0.07207572), (9, 0.029880395)]"
242,"[(0, 0.01577483), (1, 0.116084896), (2, 0.18150805), (4, 0.06495955), (6, 0.13238256), (7, 0.040761016), (8, 0.26011038), (9, 0.1830266)]"
243,"[(1, 0.029432327), (2, 0.33620995), (3, 0.091042906), (4, 0.012989878), (6, 0.051475633), (7, 0.039679512), (8, 0.120962724), (9, 0.3152429)]"
244,"[(0, 0.019570675), (1, 0.017281495), (2, 0.111473165), (4, 0.047317214), (6, 0.2053701), (7, 0.4679772), (8, 0.1094539), (9, 0.012886168)]"
245,"[(0, 0.031000966), (1, 0.0358196), (2, 0.21670371), (4, 0.054603674), (7, 0.1407723), (8, 0.021705331), (9, 0.49015152)]"
246,"[(0, 0.032488473), (1, 0.11083265), (2, 0.1038286), (3, 0.23391919), (4, 0.21009237), (7, 0.015340187), (8, 0.28750616)]"
247,"[(0, 0.114396274), (1, 0.055036984), (2, 0.20414326), (3, 0.2720577), (4, 0.09228057), (6, 0.016684746), (7, 0.065924734), (8, 0.17030564)]"
248,"[(1, 0.026078315), (2, 0.22334908), (3, 0.035989992), (4, 0.22451), (5, 0.016490953), (7, 0.23695719), (8, 0.2196624)]"
249,"[(0, 0.31232902), (2, 0.16864656), (3, 0.15958002), (4, 0.21554433), (5, 0.025781993), (8, 0.06489928), (9, 0.04614346)]"
25,"[(1, 0.041831937), (2, 0.023108203), (3, 0.06463197), (4, 0.08477807), (6, 0.12282864), (8, 0.23443733), (9, 0.41598466)]"
250,"[(0, 0.45942402), (1, 0.1012089), (2, 0.08692959), (3, 0.110726416), (4, 0.10475513), (5, 0.07790161), (7, 0.010795822), (8, 0.030604549), (9, 0.012498748)]"
251,"[(0, 0.029967362), (2, 0.012656758), (4, 0.522355), (6, 0.144196), (7, 0.040343937), (8, 0.104334004), (9, 0.13690019)]"
252,"[(0, 0.010156045), (1, 0.4487949), (2, 0.017757349), (4, 0.024070395), (7, 0.015165874), (8, 0.02897969), (9, 0.43927932)]"
253,"[(1, 0.1365516), (2, 0.23466793), (4, 0.42065153), (6, 0.01080499), (7, 0.018737236), (8, 0.12256515), (9, 0.03924285)]"
254,"[(0, 0.014457539), (1, 0.5268716), (2, 0.07019299), (3, 0.031657886), (4, 0.09032601), (6, 0.03872238), (7, 0.024037642), (8, 0.061927043), (9, 0.14044875)]"
255,"[(1, 0.30187064), (2, 0.06304755), (3, 0.20718469), (4, 0.037365068), (6, 0.031907383), (7, 0.019605244), (8, 0.11465161), (9, 0.22154684)]"
256,"[(0, 0.04402282), (1, 0.023789803), (2, 0.065867804), (3, 0.02477343), (4, 0.5546237), (6, 0.038304538), (7, 0.067750104), (8, 0.08880972), (9, 0.08527501)]"
257,"[(0, 0.15207796), (1, 0.1025413), (2, 0.05215127), (3, 0.07312554), (4, 0.05119624), (5, 0.010941587), (7, 0.19486487), (8, 0.06432977), (9, 0.2966398)]"
258,"[(2, 0.06620202), (4, 0.39449573), (7, 0.013528258), (8, 0.19611205), (9, 0.30363798)]"
259,"[(0, 0.03824211), (1, 0.08816495), (2, 0.5880088), (3, 0.06450428), (4, 0.10357203), (6, 0.010579526), (7, 0.019114764), (8, 0.027078316), (9, 0.059255812)]"
26,"[(0, 0.035048593), (1, 0.04607476), (3, 0.17848313), (4, 0.027143698), (6, 0.3818426), (7, 0.26505676), (8, 0.03575327), (9, 0.02022978)]"
260,"[(1, 0.041839685), (2, 0.3028983), (4, 0.16697456), (7, 0.015498164), (8, 0.31886116), (9, 0.13089514)]"
261,"[(0, 0.14940031), (1, 0.09982558), (2, 0.08342303), (3, 0.061344285), (4, 0.050148677), (5, 0.02120409), (7, 0.17925927), (8, 0.06245036), (9, 0.29080543)]"
262,"[(2, 0.62122715), (4, 0.07660002), (7, 0.1786079), (8, 0.09538339), (9, 0.023479804)]"
263,"[(0, 0.01637745), (1, 0.19907095), (2, 0.09722873), (3, 0.05887593), (4, 0.01336917), (7, 0.016667372), (8, 0.5739444), (9, 0.022345671)]"
264,"[(1, 0.03698616), (2, 0.039964736), (3, 0.058273196), (4, 0.037914425), (6, 0.48985153), (7, 0.14229128), (8, 0.026710644), (9, 0.16477345)]"
265,"[(2, 0.056501012), (3, 0.30950063), (4, 0.056801856), (7, 0.027156357), (8, 0.34252107), (9, 0.19074574)]"
266,"[(1, 0.743345), (2, 0.013069433), (4, 0.049412306), (7, 0.12352443), (8, 0.030069854), (9, 0.020912688)]"
267,"[(0, 0.013646155), (2, 0.35415918), (3, 0.08568022), (4, 0.13448882), (6, 0.010981937), (7, 0.07628929), (8, 0.23671536), (9, 0.079538055)]"
268,"[(0, 0.011818934), (1, 0.05305529), (2, 0.22890045), (3, 0.33049202), (4, 0.094922), (6, 0.016838392), (7, 0.10979094), (8, 0.11771473), (9, 0.0360816)]"
269,"[(0, 0.012106438), (2, 0.110939145), (4, 0.012268623), (7, 0.24596055), (8, 0.4461344), (9, 0.15253857)]"
27,"[(0, 0.14625867), (2, 0.029907424), (3, 0.06221847), (4, 0.12407612), (6, 0.30059397), (7, 0.16960278), (8, 0.10091457), (9, 0.06464445)]"
270,"[(1, 0.06424639), (2, 0.14887832), (3, 0.016310126), (4, 0.46280625), (7, 0.17048651), (8, 0.047165986), (9, 0.07319589)]"
271,"[(0, 0.107053205), (1, 0.016119745), (2, 0.2482005), (4, 0.034378935), (6, 0.16166313), (7, 0.028978452), (8, 0.35691023), (9, 0.04377539)]"
272,"[(2, 0.6166126), (4, 0.0927786), (7, 0.067693055), (8, 0.07968877), (9, 0.12032175)]"
273,"[(2, 0.09436273), (3, 0.013365702), (4, 0.2065373), (5, 0.02384457), (6, 0.030218376), (7, 0.05030001), (8, 0.45745125), (9, 0.122084856)]"
274,"[(0, 0.028314063), (1, 0.012120703), (2, 0.45818666), (3, 0.010443739), (4, 0.093417354), (6, 0.010052235), (7, 0.23725446), (8, 0.10031341), (9, 0.049863137)]"
275,"[(0, 0.092791535), (2, 0.025738385), (3, 0.08747561), (4, 0.13041076), (7, 0.0397006), (8, 0.4431535), (9, 0.17060429)]"
276,"[(0, 0.118265286), (2, 0.5211135), (5, 0.04939664), (7, 0.015308561), (8, 0.061262675), (9, 0.21009)]"
277,"[(0, 0.17704669), (2, 0.181439), (4, 0.13287573), (6, 0.18069004), (7, 0.011611834), (8, 0.20476948), (9, 0.10308725)]"
278,"[(1, 0.07273361), (2, 0.05805654), (3, 0.039212294), (7, 0.19258636), (8, 0.62607986)]"
279,"[(0, 0.043772846), (2, 0.2633751), (4, 0.2467657), (7, 0.15247728), (8, 0.03954883), (9, 0.23922974)]"
28,"[(0, 0.14846268), (2, 0.06063355), (3, 0.10917351), (4, 0.06490653), (6, 0.09347869), (7, 0.15836717), (8, 0.28348792), (9, 0.080706336)]"
280,"[(0, 0.31806904), (2, 0.07776466), (4, 0.06747213), (6, 0.14654998), (7, 0.14333944), (8, 0.0802802), (9, 0.15922792)]"
281,"[(0, 0.22523168), (2, 0.09616499), (4, 0.033601962), (6, 0.41959587), (7, 0.10627215), (8, 0.010009571), (9, 0.10366958)]"
282,"[(2, 0.10163328), (4, 0.1664105), (5, 0.08131896), (6, 0.41645554), (7, 0.015240183), (8, 0.030903636), (9, 0.17223261)]"
283,"[(0, 0.012485718), (2, 0.025138494), (4, 0.057484824), (5, 0.107135154), (6, 0.12039381), (7, 0.13783304), (8, 0.027839564), (9, 0.50107884)]"
284,"[(0, 0.013550207), (2, 0.24371995), (3, 0.19425853), (4, 0.016941212), (6, 0.014003482), (7, 0.23492898), (8, 0.24071592), (9, 0.032970417)]"
285,"[(0, 0.20654708), (2, 0.05384566), (4, 0.102821335), (6, 0.4007251), (7, 0.05543463), (8, 0.05269426), (9, 0.11829559)]"
286,"[(0, 0.05482167), (2, 0.04181646), (3, 0.14857593), (4, 0.06931536), (6, 0.024090514), (7, 0.49539247), (8, 0.15960945)]"
287,"[(0, 0.2708036), (2, 0.26191127), (4, 0.015109116), (7, 0.012375048), (8, 0.019632742), (9, 0.4033735)]"
288,"[(0, 0.029991208), (1, 0.04328445), (2, 0.08481339), (4, 0.17747241), (7, 0.25968054), (8, 0.28914362), (9, 0.10315627)]"
289,"[(0, 0.021359716), (1, 0.0988255), (2, 0.103405595), (3, 0.027669027), (4, 0.020402282), (5, 0.011024498), (6, 0.019575475), (7, 0.43120718), (8, 0.26094496)]"
29,"[(0, 0.34545377), (1, 0.08123394), (3, 0.024878925), (4, 0.07043724), (6, 0.15465166), (7, 0.03697957), (8, 0.22054188), (9, 0.060906887)]"
290,"[(0, 0.07162426), (2, 0.10033845), (4, 0.20787124), (6, 0.23810352), (7, 0.01177049), (8, 0.04409878), (9, 0.31718227)]"
291,"[(2, 0.097266756), (4, 0.0764593), (5, 0.06563545), (6, 0.2515084), (7, 0.06500198), (8, 0.08523181), (9, 0.3507146)]"
292,"[(0, 0.021008937), (1, 0.03816749), (2, 0.05504656), (5, 0.020131445), (6, 0.46267465), (7, 0.04184112), (8, 0.011922043), (9, 0.3429981)]"
293,"[(0, 0.09732764), (1, 0.2126093), (2, 0.26212904), (4, 0.048897374), (6, 0.15900955), (8, 0.053321596), (9, 0.15743019)]"
294,"[(4, 0.14173998), (6, 0.7249333), (9, 0.10702348)]"
295,"[(2, 0.23178141), (3, 0.1561728), (4, 0.022119341), (6, 0.1419979), (7, 0.016676825), (8, 0.019865114), (9, 0.4055125)]"
296,"[(0, 0.038572725), (1, 0.16160637), (2, 0.06681099), (3, 0.356206), (4, 0.04721185), (7, 0.22177055), (8, 0.032048546), (9, 0.07379897)]"
297,"[(0, 0.3026742), (1, 0.08795552), (2, 0.050175358), (4, 0.11764218), (5, 0.043650165), (7, 0.12243666), (8, 0.24695396), (9, 0.024881344)]"
298,"[(0, 0.2355043), (1, 0.029525323), (2, 0.114567354), (3, 0.13075611), (4, 0.010408307), (6, 0.07879382), (7, 0.023140913), (8, 0.018488863), (9, 0.357688)]"
299,"[(2, 0.29157254), (4, 0.026612448), (6, 0.41920686), (7, 0.023377907), (8, 0.11150232), (9, 0.111698024)]"
3,"[(1, 0.041832786), (2, 0.023104656), (3, 0.06463208), (4, 0.08477869), (6, 0.12282947), (8, 0.234439), (9, 0.41598448)]"
30,"[(0, 0.06443954), (3, 0.21861441), (4, 0.029063134), (6, 0.0125522455), (7, 0.28845403), (8, 0.34889707), (9, 0.03289237)]"
300,"[(2, 0.010522147), (4, 0.14709882), (5, 0.03576716), (6, 0.2592281), (7, 0.2159971), (8, 0.018171199), (9, 0.29841614)]"
301,"[(0, 0.05500218), (2, 0.015917664), (4, 0.04798238), (6, 0.27845758), (7, 0.25039598), (8, 0.055307075), (9, 0.28575233)]"
302,"[(1, 0.13397762), (2, 0.030393591), (3, 0.1757654), (4, 0.010832244), (7, 0.23002106), (8, 0.38250047), (9, 0.02181705)]"
303,"[(0, 0.05979899), (2, 0.16765252), (4, 0.056765236), (5, 0.011767387), (6, 0.05630327), (7, 0.13218638), (8, 0.061917376), (9, 0.4513909)]"
304,"[(0, 0.33568668), (2, 0.014738245), (4, 0.04850564), (6, 0.09066325), (7, 0.023958625), (8, 0.019015035), (9, 0.456173)]"
305,"[(0, 0.025259703), (2, 0.039203215), (4, 0.03756156), (6, 0.013834359), (7, 0.21933123), (8, 0.032595556), (9, 0.6246663)]"
306,"[(2, 0.18692087), (6, 0.16633646), (7, 0.1300976), (8, 0.013218327), (9, 0.48296925)]"
307,"[(0, 0.012622493), (2, 0.18765499), (4, 0.01443414), (6, 0.014185012), (7, 0.31138256), (8, 0.038916893), (9, 0.40553665)]"
308,"[(0, 0.39150184), (1, 0.017543674), (2, 0.028818674), (4, 0.07319809), (6, 0.0338953), (7, 0.14710782), (8, 0.25834808), (9, 0.046011936)]"
309,"[(1, 0.030097337), (2, 0.04869861), (3, 0.33416444), (4, 0.097799875), (6, 0.014824888), (7, 0.18001273), (8, 0.2834574)]"
31,"[(0, 0.018621018), (2, 0.29687887), (3, 0.060297795), (4, 0.043258745), (7, 0.013172485), (8, 0.15135811), (9, 0.40481877)]"
310,"[(0, 0.043659892), (2, 0.1181559), (3, 0.04151219), (4, 0.0101699475), (6, 0.1410653), (7, 0.20076157), (8, 0.31619734), (9, 0.11967719)]"
311,"[(0, 0.14468943), (2, 0.073316514), (4, 0.012117568), (6, 0.07176821), (7, 0.15075853), (8, 0.022238899), (9, 0.5160834)]"
312,"[(0, 0.09781238), (2, 0.059764355), (4, 0.012575802), (7, 0.043085724), (8, 0.016286805), (9, 0.75274146)]"
313,"[(0, 0.23915601), (2, 0.3689227), (4, 0.019052237), (7, 0.012281965), (8, 0.019802762), (9, 0.32385677)]"
314,"[(1, 0.100942), (2, 0.12141963), (4, 0.03296948), (7, 0.034424838), (8, 0.09144113), (9, 0.6073653)]"
315,"[(0, 0.06326974), (1, 0.19795136), (2, 0.10329704), (4, 0.36851132), (8, 0.10737914), (9, 0.14238979)]"
316,"[(0, 0.61800474), (2, 0.1210341), (3, 0.040369153), (4, 0.02447989), (6, 0.08578835), (7, 0.019434093), (8, 0.021473758), (9, 0.06424175)]"
317,"[(0, 0.1305925), (2, 0.26473048), (6, 0.09093249), (7, 0.079090126), (8, 0.07839151), (9, 0.34329206)]"
318,"[(0, 0.075185195), (1, 0.26959172), (2, 0.1670945), (4, 0.093157), (6, 0.01351591), (7, 0.05495085), (8, 0.11970463), (9, 0.2053931)]"
319,"[(2, 0.6014292), (3, 0.07310839), (4, 0.021382311), (6, 0.028608743), (7, 0.17441365), (8, 0.07564084), (9, 0.023628408)]"
32,"[(0, 0.22488342), (2, 0.14624894), (4, 0.04609089), (7, 0.24016486), (8, 0.318558), (9, 0.0142830005)]"
320,"[(0, 0.12898442), (3, 0.02955288), (4, 0.112889245), (7, 0.041075114), (8, 0.6619436), (9, 0.01737197)]"
321,"[(3, 0.5131102), (4, 0.22358206), (6, 0.217028), (9, 0.018731335)]"
322,"[(0, 0.5368141), (1, 0.013268967), (2, 0.03670468), (3, 0.013684776), (4, 0.23176593), (6, 0.02162323), (7, 0.03804622), (8, 0.054776993), (9, 0.04958733)]"
323,"[(0, 0.1486969), (2, 0.014721503), (4, 0.16423464), (6, 0.080217995), (7, 0.076762505), (8, 0.15754183), (9, 0.34997034)]"
324,"[(0, 0.33557537), (1, 0.029963402), (2, 0.02485725), (4, 0.048590463), (5, 0.03282276), (7, 0.10598694), (8, 0.32500267), (9, 0.08674922)]"
325,"[(0, 0.026497718), (1, 0.013892371), (2, 0.04046078), (3, 0.01458926), (4, 0.14495239), (5, 0.55104387), (6, 0.022308735), (7, 0.053503197), (8, 0.0738566), (9, 0.05889506)]"
326,"[(0, 0.044785492), (2, 0.11409464), (4, 0.2296963), (6, 0.14360154), (7, 0.057354122), (8, 0.027705267), (9, 0.37768382)]"
327,"[(1, 0.04578145), (2, 0.027088368), (3, 0.058262736), (4, 0.71550715), (8, 0.038986202), (9, 0.10172571)]"
328,"[(0, 0.33320913), (1, 0.04426287), (2, 0.032648705), (4, 0.27677158), (6, 0.20247427), (8, 0.08373581), (9, 0.018025413)]"
329,"[(0, 0.22477072), (2, 0.018187799), (3, 0.101073146), (4, 0.07412167), (6, 0.2874412), (7, 0.030665211), (8, 0.1279024), (9, 0.13085857)]"
33,"[(0, 0.24429883), (2, 0.16826077), (3, 0.14626013), (4, 0.014835199), (5, 0.03797972), (6, 0.095298454), (7, 0.029635161), (8, 0.062682144), (9, 0.19809298)]"
330,"[(0, 0.06516824), (1, 0.040138863), (2, 0.019832926), (4, 0.34307683), (7, 0.01828374), (8, 0.09036881), (9, 0.4082259)]"
331,"[(0, 0.13052832), (1, 0.08085272), (2, 0.02423956), (4, 0.25132966), (6, 0.051545065), (7, 0.029786), (8, 0.29624), (9, 0.1320613)]"
332,"[(1, 0.18200678), (2, 0.027934257), (3, 0.05418889), (4, 0.63525575), (8, 0.014748537), (9, 0.07562608)]"
333,"[(0, 0.09232833), (1, 0.062815465), (2, 0.08200541), (3, 0.013962372), (4, 0.09939492), (5, 0.037135113), (6, 0.014298747), (7, 0.061591063), (8, 0.3396055), (9, 0.1968631)]"
334,"[(0, 0.08749846), (1, 0.059353083), (2, 0.083785124), (4, 0.03602625), (5, 0.14836806), (6, 0.04969971), (7, 0.36397064), (8, 0.13842057), (9, 0.032048352)]"
335,"[(0, 0.3957966), (2, 0.038597062), (3, 0.20435306), (4, 0.15950824), (5, 0.06178631), (8, 0.1007008), (9, 0.026819644)]"
336,"[(0, 0.051524065), (1, 0.10280011), (2, 0.12781443), (4, 0.0816899), (6, 0.049919873), (7, 0.20213097), (8, 0.16981867), (9, 0.21060736)]"
337,"[(1, 0.05668421), (2, 0.10618238), (3, 0.016854756), (4, 0.061722867), (7, 0.23233323), (8, 0.48364946), (9, 0.03103633)]"
338,"[(0, 0.14228317), (1, 0.13336585), (4, 0.1459566), (5, 0.19818468), (6, 0.07237737), (7, 0.04860402), (8, 0.12755321), (9, 0.121422015)]"
339,"[(2, 0.31026983), (3, 0.074351564), (4, 0.025949026), (5, 0.1995594), (6, 0.025657702), (7, 0.12985587), (8, 0.225659)]"
34,"[(0, 0.05677168), (1, 0.67428577), (2, 0.051944036), (4, 0.019198544), (7, 0.02491081), (8, 0.11019791), (9, 0.059995968)]"
340,"[(2, 0.054994766), (4, 0.18872252), (5, 0.019638149), (6, 0.27009165), (7, 0.026210843), (8, 0.3421183), (9, 0.081949815)]"
341,"[(2, 0.191531), (4, 0.117160894), (5, 0.2368056), (6, 0.28393978), (7, 0.04111229), (8, 0.011511745), (9, 0.10834788)]"
342,"[(1, 0.02310306), (7, 0.5494452), (8, 0.32741702), (9, 0.085690185)]"
343,"[(0, 0.04124909), (2, 0.045314927), (3, 0.099969625), (7, 0.07483583), (8, 0.5437875), (9, 0.18319654)]"
344,"[(2, 0.3069007), (3, 0.07285625), (4, 0.0188852), (5, 0.19725594), (6, 0.016147522), (7, 0.1264469), (8, 0.25636375)]"
345,"[(0, 0.5692301), (2, 0.018632744), (3, 0.0702539), (4, 0.010883119), (6, 0.05965971), (7, 0.17736512), (8, 0.021438073), (9, 0.06654337)]"
346,"[(0, 0.3422102), (1, 0.055571217), (3, 0.023170104), (4, 0.06985365), (6, 0.08074406), (7, 0.27518004), (8, 0.09878124), (9, 0.04805014)]"
347,"[(0, 0.15571113), (2, 0.035926282), (4, 0.08194118), (5, 0.056459308), (6, 0.038387626), (7, 0.12343013), (8, 0.29619932), (9, 0.20930003)]"
348,"[(2, 0.23933026), (3, 0.034564506), (5, 0.16810924), (6, 0.33071232), (7, 0.03697883), (8, 0.18037795)]"
349,"[(0, 0.3796335), (1, 0.043394994), (2, 0.061535366), (4, 0.034231093), (7, 0.10393392), (8, 0.17324847), (9, 0.20065229)]"
35,"[(1, 0.055883333), (2, 0.08791021), (4, 0.101695664), (6, 0.51423985), (7, 0.06687457), (8, 0.013292841), (9, 0.15115741)]"
350,"[(1, 0.2728106), (2, 0.015358628), (4, 0.040184174), (6, 0.5784007), (7, 0.018827366), (8, 0.038254976), (9, 0.021110829)]"
351,"[(2, 0.2071517), (4, 0.10983567), (5, 0.23267096), (6, 0.31639764), (7, 0.039310396), (8, 0.01023851), (9, 0.07676237)]"
352,"[(0, 0.014673761), (2, 0.04094661), (3, 0.2107607), (4, 0.18627213), (6, 0.12744838), (7, 0.28604072), (8, 0.12473614)]"
353,"[(0, 0.18483874), (1, 0.19319335), (2, 0.07676527), (3, 0.025927367), (4, 0.10453732), (6, 0.02101426), (7, 0.21100183), (8, 0.13045195), (9, 0.0516127)]"
354,"[(0, 0.2029758), (4, 0.011814492), (6, 0.03233534), (7, 0.44021776), (8, 0.2169279), (9, 0.08436632)]"
355,"[(0, 0.015674606), (1, 0.068041794), (2, 0.036529362), (3, 0.2302123), (4, 0.029526655), (5, 0.0615734), (6, 0.042670757), (7, 0.1808015), (8, 0.32675487)]"
356,"[(1, 0.019183883), (2, 0.23242027), (3, 0.032993697), (4, 0.044920113), (5, 0.0103147235), (6, 0.26645887), (7, 0.08869347), (8, 0.2528457), (9, 0.046510477)]"
357,"[(0, 0.20940444), (1, 0.025309516), (2, 0.059461858), (4, 0.043990627), (5, 0.01590927), (7, 0.18002823), (8, 0.38674536), (9, 0.07434413)]"
358,"[(0, 0.07709472), (1, 0.5932569), (7, 0.016995812), (8, 0.048408672), (9, 0.24575469)]"
359,"[(0, 0.14339225), (2, 0.014467506), (3, 0.13660249), (4, 0.05227906), (5, 0.023972707), (6, 0.024953851), (7, 0.26634794), (8, 0.28106064), (9, 0.056223396)]"
36,"[(0, 0.18141305), (2, 0.041377783), (4, 0.12276464), (5, 0.012946227), (6, 0.04270814), (7, 0.2054695), (8, 0.25741148), (9, 0.13427201)]"
360,"[(0, 0.03696188), (1, 0.04859238), (3, 0.30700266), (4, 0.024189264), (6, 0.36130702), (7, 0.13947758), (8, 0.05052702), (9, 0.021438655)]"
361,"[(0, 0.32323477), (2, 0.14308494), (3, 0.021202907), (4, 0.17316468), (7, 0.041642003), (8, 0.18259747), (9, 0.1068768)]"
362,"[(0, 0.25791904), (4, 0.23600812), (7, 0.18461156), (8, 0.30293787)]"
363,"[(0, 0.3236613), (2, 0.03778741), (4, 0.010572134), (6, 0.106305525), (7, 0.23083428), (8, 0.05157318), (9, 0.22960599)]"
364,"[(0, 0.09254041), (1, 0.09384738), (2, 0.038627334), (3, 0.021958973), (4, 0.70161027), (9, 0.031518046)]"
365,"[(0, 0.040387742), (4, 0.037332896), (7, 0.3258284), (8, 0.20884635), (9, 0.3764965)]"
366,"[(0, 0.26242423), (1, 0.03972139), (4, 0.22433996), (5, 0.0778808), (7, 0.17133743), (8, 0.095491886), (9, 0.11664662)]"
367,"[(0, 0.015392684), (1, 0.026169147), (2, 0.07219789), (4, 0.16400844), (6, 0.41340777), (7, 0.015466607), (8, 0.087136015), (9, 0.20478897)]"
368,"[(0, 0.29909277), (2, 0.03441852), (3, 0.059186324), (4, 0.1332099), (5, 0.060213193), (7, 0.17891285), (8, 0.1488234), (9, 0.083096184)]"
369,"[(0, 0.09635588), (1, 0.21143585), (2, 0.099567786), (3, 0.039917286), (4, 0.08661769), (6, 0.027827205), (7, 0.21158499), (8, 0.21455462), (9, 0.0118692145)]"
37,"[(0, 0.30245024), (1, 0.07451743), (2, 0.10166654), (4, 0.07842072), (7, 0.20620194), (8, 0.0818822), (9, 0.14859687)]"
370,"[(0, 0.0647217), (1, 0.032112457), (2, 0.04755556), (4, 0.02084859), (7, 0.47806183), (8, 0.33551362), (9, 0.018512815)]"
371,"[(0, 0.040151622), (2, 0.049149215), (4, 0.017693542), (7, 0.28373662), (8, 0.23059866), (9, 0.37462255)]"
372,"[(0, 0.04014704), (2, 0.049151894), (4, 0.017698225), (7, 0.2837393), (8, 0.23059314), (9, 0.37462264)]"
373,"[(0, 0.30664217), (1, 0.019983992), (2, 0.018806929), (3, 0.13397968), (4, 0.03841161), (5, 0.041972365), (6, 0.0130767), (7, 0.13593692), (8, 0.18158002), (9, 0.109609656)]"
374,"[(0, 0.02974761), (1, 0.081436634), (2, 0.091958106), (3, 0.5702467), (4, 0.032255746), (7, 0.092103675), (8, 0.08479174)]"
375,"[(0, 0.07527151), (1, 0.062814295), (2, 0.011958636), (3, 0.07596337), (5, 0.064171456), (7, 0.3518336), (8, 0.18023437), (9, 0.16523361)]"
376,"[(0, 0.04027262), (2, 0.2584209), (4, 0.09158355), (6, 0.086334355), (7, 0.16226254), (8, 0.25958425), (9, 0.09361708)]"
377,"[(0, 0.08563154), (2, 0.291997), (4, 0.08586523), (7, 0.083627544), (8, 0.30123228), (9, 0.14700109)]"
378,"[(0, 0.31913075), (2, 0.05069256), (3, 0.33136532), (4, 0.10718806), (5, 0.056889445), (7, 0.014177143), (8, 0.05978531), (9, 0.05022647)]"
379,"[(0, 0.104549386), (1, 0.13907868), (2, 0.069784656), (3, 0.04710236), (4, 0.14250892), (6, 0.0684335), (7, 0.19211052), (8, 0.17781006), (9, 0.058356762)]"
38,"[(0, 0.40972772), (1, 0.01181751), (2, 0.07954317), (3, 0.030790124), (4, 0.032860264), (6, 0.07545902), (7, 0.13564216), (8, 0.098749325), (9, 0.12523809)]"
380,"[(0, 0.018025158), (2, 0.1968481), (6, 0.066253684), (7, 0.3366768), (8, 0.032316443), (9, 0.33292788)]"
381,"[(0, 0.1194351), (2, 0.27753606), (6, 0.30126363), (7, 0.19582184), (8, 0.034626182), (9, 0.05555503)]"
382,"[(0, 0.010322306), (2, 0.106707804), (4, 0.011032096), (6, 0.20248044), (7, 0.41183162), (8, 0.20242955), (9, 0.04346411)]"
383,"[(0, 0.17726892), (1, 0.01708604), (2, 0.15472096), (4, 0.085900754), (6, 0.06499068), (7, 0.17223684), (8, 0.1618783), (9, 0.1642212)]"
384,"[(0, 0.27666277), (3, 0.090441264), (4, 0.14271149), (6, 0.4065755), (7, 0.010187715), (8, 0.048615474), (9, 0.013026406)]"
385,"[(0, 0.043186214), (2, 0.070749834), (3, 0.018565916), (4, 0.018743986), (6, 0.56010854), (7, 0.16189614), (8, 0.094848864), (9, 0.030070627)]"
386,"[(0, 0.020424139), (1, 0.036902245), (7, 0.52034897), (8, 0.32295796), (9, 0.087874524)]"
387,"[(0, 0.017223904), (2, 0.01932338), (3, 0.14571694), (4, 0.026236037), (6, 0.039983477), (7, 0.4537231), (8, 0.26987922), (9, 0.02622162)]"
388,"[(0, 0.12089354), (2, 0.092299186), (3, 0.044461314), (4, 0.08183119), (5, 0.021650089), (6, 0.2416645), (7, 0.19759937), (8, 0.08342387), (9, 0.11514928)]"
389,"[(0, 0.39168087), (2, 0.05060347), (4, 0.16621435), (6, 0.21301638), (7, 0.04128403), (8, 0.06312044), (9, 0.06460969)]"
39,"[(0, 0.5766086), (2, 0.032662526), (5, 0.018100012), (7, 0.27161902), (8, 0.080006994)]"
390,"[(0, 0.60053676), (2, 0.013163457), (3, 0.15540369), (6, 0.040748943), (7, 0.014510002), (8, 0.09230756), (9, 0.06909134)]"
391,"[(0, 0.06331133), (1, 0.49770516), (2, 0.112726554), (7, 0.09114947), (8, 0.045963984), (9, 0.18144637)]"
392,"[(2, 0.03547321), (3, 0.18914369), (4, 0.14352804), (5, 0.16705194), (6, 0.0802514), (7, 0.014741398), (8, 0.20809993), (9, 0.15767351)]"
393,"[(0, 0.15578948), (1, 0.026128285), (3, 0.103621535), (4, 0.05208695), (5, 0.11940455), (6, 0.13749905), (7, 0.107930854), (8, 0.08350384), (9, 0.20697734)]"
394,"[(0, 0.29921874), (2, 0.022719726), (3, 0.13386492), (4, 0.013330071), (5, 0.13502215), (6, 0.0417312), (7, 0.12619132), (8, 0.16204865), (9, 0.056076244)]"
395,"[(1, 0.050762556), (2, 0.22563587), (4, 0.09443725), (7, 0.02303886), (8, 0.5396031), (9, 0.0496518)]"
396,"[(0, 0.11916848), (2, 0.07071526), (3, 0.03152101), (4, 0.06639304), (5, 0.019671753), (7, 0.23813078), (8, 0.29562497), (9, 0.15486158)]"
397,"[(0, 0.36030212), (2, 0.047733575), (3, 0.18017462), (4, 0.012404332), (7, 0.17635144), (8, 0.17166947), (9, 0.047481105)]"
398,"[(0, 0.13490655), (2, 0.0136476075), (3, 0.13287844), (4, 0.05201609), (5, 0.023342595), (6, 0.023177719), (7, 0.2602732), (8, 0.2831941), (9, 0.07587105)]"
399,"[(2, 0.053064886), (4, 0.26105577), (6, 0.04285707), (7, 0.21105224), (8, 0.38057053), (9, 0.040817834)]"
4,"[(0, 0.0304547), (1, 0.10214682), (3, 0.075064994), (4, 0.053637777), (6, 0.064643994), (7, 0.17854893), (8, 0.46112984), (9, 0.020700628)]"
40,"[(0, 0.521906), (1, 0.020398598), (4, 0.035137773), (6, 0.16814764), (8, 0.15509829), (9, 0.081488796)]"
400,"[(2, 0.25450814), (3, 0.040921547), (5, 0.15900713), (6, 0.3053953), (7, 0.044129632), (8, 0.18533231)]"
401,"[(0, 0.05979724), (1, 0.0884518), (2, 0.11255667), (4, 0.15040112), (8, 0.46748793), (9, 0.1076663)]"
402,"[(0, 0.2173963), (1, 0.030002369), (2, 0.025494905), (3, 0.02236807), (4, 0.11434978), (6, 0.1084882), (7, 0.072420806), (8, 0.3348165), (9, 0.068128765)]"
403,"[(1, 0.067337885), (2, 0.013793307), (4, 0.13024624), (6, 0.15559869), (7, 0.25638998), (8, 0.20684932), (9, 0.15824185)]"
404,"[(0, 0.02402392), (1, 0.07874492), (2, 0.06430442), (4, 0.0838083), (6, 0.29616567), (7, 0.11096461), (8, 0.07241084), (9, 0.26894447)]"
405,"[(0, 0.06645968), (1, 0.052991167), (2, 0.16197014), (3, 0.055749882), (4, 0.04316255), (6, 0.06921082), (7, 0.09528343), (8, 0.3838237), (9, 0.071178325)]"
406,"[(0, 0.022173317), (1, 0.15394162), (2, 0.1230431), (4, 0.044858333), (5, 0.038621556), (7, 0.24252567), (8, 0.3503813), (9, 0.020200457)]"
407,"[(0, 0.11917268), (1, 0.04589228), (2, 0.24354868), (3, 0.12456604), (4, 0.052253753), (6, 0.069490366), (7, 0.15096147), (8, 0.1060572), (9, 0.0877478)]"
408,"[(0, 0.36124197), (2, 0.11789092), (4, 0.015528877), (5, 0.12743384), (7, 0.21942642), (8, 0.09477429), (9, 0.058628015)]"
409,"[(0, 0.17041703), (1, 0.15703508), (2, 0.1744637), (3, 0.030030314), (5, 0.017662043), (6, 0.102558866), (7, 0.035581473), (8, 0.14262901), (9, 0.16672441)]"
41,"[(0, 0.07834193), (1, 0.043866962), (2, 0.08127899), (4, 0.019384688), (6, 0.08020197), (7, 0.08648701), (8, 0.14146495), (9, 0.4678197)]"
410,"[(0, 0.07037642), (1, 0.011424569), (2, 0.030636718), (3, 0.2654392), (4, 0.07422098), (6, 0.05013526), (7, 0.07796766), (8, 0.16018422), (9, 0.25937742)]"
411,"[(2, 0.063878596), (3, 0.09745806), (4, 0.039669897), (7, 0.13637061), (8, 0.041968804), (9, 0.61390984)]"
412,"[(0, 0.34454975), (2, 0.051116783), (3, 0.1739965), (6, 0.015547052), (7, 0.011042245), (8, 0.060402744), (9, 0.33759993)]"
413,"[(0, 0.20039283), (1, 0.042627513), (2, 0.048675362), (4, 0.09860406), (5, 0.034849174), (6, 0.046820726), (7, 0.20879157), (8, 0.27584913), (9, 0.04236805)]"
414,"[(0, 0.08993391), (1, 0.11222625), (2, 0.072156034), (4, 0.05786604), (7, 0.14723828), (8, 0.34931225), (9, 0.16717072)]"
415,"[(0, 0.2550251), (2, 0.025378281), (4, 0.033873312), (6, 0.010826845), (7, 0.072009794), (8, 0.48821282), (9, 0.11299545)]"
416,"[(2, 0.01336291), (4, 0.2653285), (5, 0.17831779), (6, 0.03232384), (7, 0.06036852), (8, 0.07542679), (9, 0.35742754)]"
417,"[(0, 0.075276), (2, 0.20281082), (3, 0.048758954), (4, 0.06806001), (5, 0.015844667), (6, 0.033026308), (7, 0.38774434), (8, 0.11411264), (9, 0.053419076)]"
418,"[(0, 0.1592307), (2, 0.096892565), (3, 0.050549176), (5, 0.028496742), (6, 0.15798475), (7, 0.20514467), (8, 0.24881624), (9, 0.048741627)]"
419,"[(0, 0.1786315), (2, 0.50029635), (5, 0.016653432), (6, 0.123486385), (7, 0.05254383), (8, 0.015596591), (9, 0.09816001)]"
42,"[(0, 0.29655918), (2, 0.025837617), (3, 0.023078388), (4, 0.04567197), (6, 0.21185087), (8, 0.21030417), (9, 0.1768256)]"
420,"[(0, 0.4393677), (1, 0.013771614), (3, 0.06998596), (4, 0.033468474), (5, 0.026399147), (6, 0.050212365), (7, 0.06860997), (8, 0.17183623), (9, 0.11721354)]"
421,"[(0, 0.11711861), (2, 0.5170313), (5, 0.010600881), (6, 0.11675958), (7, 0.069308124), (8, 0.0361344), (9, 0.124695756)]"
422,"[(1, 0.20219813), (2, 0.3149426), (4, 0.17944442), (6, 0.042085093), (7, 0.050527416), (8, 0.19391839), (9, 0.011524417)]"
423,"[(0, 0.05481385), (2, 0.20787455), (4, 0.14497945), (7, 0.19052176), (8, 0.3158438), (9, 0.07774436)]"
424,"[(0, 0.069561966), (2, 0.18587333), (4, 0.37693483), (7, 0.094819106), (8, 0.16276973), (9, 0.10350167)]"
425,"[(1, 0.031118136), (2, 0.19620192), (4, 0.11794421), (7, 0.12428605), (8, 0.41294178), (9, 0.10328989)]"
426,"[(0, 0.054806013), (1, 0.14751689), (2, 0.22191787), (4, 0.05037091), (7, 0.06602667), (8, 0.44326478), (9, 0.010735045)]"
427,"[(0, 0.052693818), (2, 0.084574014), (3, 0.096141435), (4, 0.40303552), (7, 0.040074877), (8, 0.15604472), (9, 0.16143854)]"
428,"[(0, 0.10923193), (2, 0.037957124), (3, 0.06531214), (4, 0.116258435), (7, 0.087040894), (8, 0.25562784), (9, 0.3253631)]"
429,"[(0, 0.097552784), (2, 0.05110883), (3, 0.2917157), (6, 0.13973808), (7, 0.12529731), (8, 0.07926111), (9, 0.20425466)]"
43,"[(2, 0.013446996), (3, 0.034094125), (4, 0.03145655), (5, 0.010632698), (7, 0.26844278), (8, 0.42798764), (9, 0.20951375)]"
430,"[(0, 0.1300828), (2, 0.118745014), (3, 0.020488238), (4, 0.2972525), (6, 0.023345066), (7, 0.09101483), (8, 0.30220476), (9, 0.014502095)]"
431,"[(0, 0.15911314), (2, 0.11154809), (3, 0.26858747), (4, 0.088298164), (7, 0.016045773), (8, 0.25602219), (9, 0.09492056)]"
432,"[(0, 0.0705796), (1, 0.07647261), (2, 0.022422701), (3, 0.04485278), (4, 0.09268206), (6, 0.28791815), (7, 0.17299098), (8, 0.16626742), (9, 0.065374434)]"
433,"[(0, 0.07357108), (1, 0.10553179), (2, 0.024156902), (4, 0.13252738), (6, 0.045400873), (7, 0.04285054), (8, 0.09218015), (9, 0.47576258)]"
434,"[(0, 0.080523156), (1, 0.10452888), (2, 0.08287898), (3, 0.10115732), (6, 0.07123439), (7, 0.18491952), (8, 0.2599176), (9, 0.11289013)]"
435,"[(0, 0.10670976), (1, 0.018824557), (2, 0.30486643), (3, 0.037318774), (4, 0.08157975), (6, 0.06309331), (7, 0.13566516), (8, 0.1104404), (9, 0.13484313)]"
436,"[(0, 0.029826151), (1, 0.019347025), (2, 0.3226037), (4, 0.04376233), (6, 0.18005176), (7, 0.05693886), (8, 0.29055405), (9, 0.056058526)]"
437,"[(0, 0.39449987), (1, 0.044809397), (4, 0.034572482), (6, 0.05106914), (7, 0.16072932), (8, 0.13962322), (9, 0.1662485)]"
438,"[(0, 0.3944975), (1, 0.044808287), (4, 0.034575302), (6, 0.05106298), (7, 0.16073112), (8, 0.13962299), (9, 0.16624588)]"
439,"[(0, 0.32632747), (3, 0.040236786), (4, 0.09040797), (6, 0.18412541), (7, 0.108211294), (8, 0.041052822), (9, 0.193099)]"
44,"[(0, 0.10900379), (2, 0.03650289), (3, 0.13069397), (4, 0.020660955), (6, 0.06884179), (7, 0.26132843), (8, 0.28734958), (9, 0.08445636)]"
440,"[(0, 0.29375988), (1, 0.06962694), (2, 0.07516877), (3, 0.036251288), (4, 0.042370826), (6, 0.069452114), (7, 0.23153616), (8, 0.17311338)]"
441,"[(0, 0.02031128), (6, 0.67686343), (7, 0.021508453), (8, 0.017124698), (9, 0.2507228)]"
442,"[(0, 0.0146083925), (2, 0.09838687), (4, 0.23438658), (6, 0.012014339), (7, 0.018589718), (8, 0.03190088), (9, 0.57415736)]"
443,"[(0, 0.11955315), (2, 0.115356825), (3, 0.03838151), (6, 0.052944504), (7, 0.19879825), (8, 0.016645212), (9, 0.44395465)]"
444,"[(0, 0.46191427), (2, 0.025343366), (3, 0.017345985), (5, 0.013955313), (7, 0.20037788), (8, 0.012823267), (9, 0.25219417)]"
445,"[(0, 0.2865895), (2, 0.071664006), (3, 0.019379523), (6, 0.12230585), (7, 0.1770376), (8, 0.022311982), (9, 0.29127905)]"
446,"[(0, 0.050490193), (2, 0.030492352), (4, 0.20901603), (7, 0.26657826), (8, 0.15716648), (9, 0.27310735)]"
447,"[(0, 0.043367613), (1, 0.01711194), (2, 0.027487632), (3, 0.17343748), (4, 0.1500203), (5, 0.047415216), (7, 0.081458926), (8, 0.2175867), (9, 0.23992032)]"
448,"[(0, 0.05262976), (1, 0.06409963), (2, 0.10465823), (4, 0.10703042), (6, 0.03827735), (8, 0.5804654), (9, 0.03906463)]"
449,"[(1, 0.013735769), (2, 0.14041975), (3, 0.29949668), (4, 0.21714956), (7, 0.09280812), (8, 0.22089641)]"
45,"[(0, 0.17154083), (1, 0.019477133), (3, 0.24872212), (4, 0.038932282), (5, 0.037114087), (6, 0.12302457), (7, 0.16536331), (8, 0.030302167), (9, 0.15823561)]"
450,"[(0, 0.028439559), (1, 0.19899483), (2, 0.08741768), (3, 0.12157001), (4, 0.05397106), (7, 0.23574665), (8, 0.25025198), (9, 0.020652354)]"
451,"[(0, 0.20106004), (1, 0.04357809), (2, 0.045645364), (4, 0.059493892), (5, 0.015940776), (7, 0.2282304), (8, 0.3254291), (9, 0.07399436)]"
452,"[(0, 0.033419345), (1, 0.12150979), (2, 0.06843576), (3, 0.062280446), (4, 0.07246506), (6, 0.01981211), (7, 0.10309291), (8, 0.22379698), (9, 0.29493162)]"
453,"[(6, 0.072192065), (7, 0.2925296), (8, 0.02079622), (9, 0.5879086)]"
454,"[(2, 0.014215818), (3, 0.028811725), (4, 0.06083103), (5, 0.023611758), (6, 0.5957957), (7, 0.123108484), (8, 0.011819736), (9, 0.13497198)]"
455,"[(0, 0.062432457), (2, 0.25278574), (4, 0.080005534), (6, 0.040538598), (7, 0.06374193), (8, 0.24632551), (9, 0.2505578)]"
456,"[(2, 0.016773477), (4, 0.05620868), (6, 0.19435315), (7, 0.067453496), (8, 0.04650861), (9, 0.60157734)]"
457,"[(0, 0.028495595), (1, 0.84283215), (2, 0.012268354), (4, 0.024111724), (7, 0.01537776), (8, 0.018332995), (9, 0.046643328)]"
458,"[(2, 0.12894845), (3, 0.13946411), (4, 0.022361137), (7, 0.37070182), (8, 0.26998907), (9, 0.06375388)]"
459,"[(0, 0.04245533), (1, 0.029004212), (2, 0.06455657), (3, 0.04520977), (4, 0.01631004), (7, 0.35892767), (8, 0.38115776), (9, 0.061921082)]"
46,"[(0, 0.10110145), (1, 0.0417955), (2, 0.032130677), (3, 0.100615785), (4, 0.02741034), (6, 0.27024916), (7, 0.2682188), (8, 0.12352527), (9, 0.034657028)]"
460,"[(0, 0.09197915), (2, 0.05171053), (3, 0.033983853), (4, 0.2411226), (7, 0.31282085), (8, 0.013441375), (9, 0.25073996)]"
461,"[(0, 0.012736211), (2, 0.018085212), (4, 0.024500862), (6, 0.41671333), (7, 0.160449), (8, 0.022038033), (9, 0.33155763)]"
462,"[(0, 0.0951374), (1, 0.08495107), (3, 0.297838), (4, 0.036054987), (5, 0.12318294), (6, 0.069992036), (7, 0.17495792), (8, 0.10994511)]"
463,"[(0, 0.018277708), (1, 0.039076436), (2, 0.11436029), (5, 0.12884033), (6, 0.02103912), (7, 0.049598794), (8, 0.25781003), (9, 0.36853674)]"
464,"[(0, 0.027570305), (1, 0.05598858), (2, 0.06545377), (3, 0.05697774), (6, 0.07692336), (7, 0.3886338), (8, 0.2679489), (9, 0.058694925)]"
465,"[(0, 0.03932137), (2, 0.33560184), (3, 0.026209641), (6, 0.025276195), (8, 0.14447558), (9, 0.4189618)]"
466,"[(2, 0.3271766), (3, 0.017375784), (6, 0.27115756), (8, 0.1041274), (9, 0.25317723)]"
467,"[(0, 0.21945773), (2, 0.25029323), (7, 0.020045877), (8, 0.2870069), (9, 0.20000881)]"
468,"[(0, 0.060125522), (2, 0.19391285), (4, 0.020427464), (6, 0.02134796), (7, 0.016014365), (8, 0.03093655), (9, 0.6527057)]"
469,"[(4, 0.04124334), (7, 0.24317785), (8, 0.4793444), (9, 0.22862455)]"
47,"[(0, 0.028472051), (2, 0.090909526), (3, 0.05359714), (4, 0.05803388), (5, 0.011735102), (6, 0.10196736), (7, 0.011815563), (8, 0.122953184), (9, 0.5193209)]"
470,"[(8, 0.20022182), (9, 0.7809586)]"
471,"[(6, 0.011315063), (8, 0.21424289), (9, 0.7669018)]"
472,"[(0, 0.036809787), (1, 0.0851722), (2, 0.010463575), (4, 0.37740767), (7, 0.025971552), (8, 0.18713397), (9, 0.263128)]"
473,"[(0, 0.038251173), (1, 0.06792406), (2, 0.08855437), (4, 0.060552146), (6, 0.20827934), (7, 0.13014096), (8, 0.047066823), (9, 0.34954244)]"
474,"[(0, 0.31750584), (1, 0.06494861), (3, 0.53596085), (5, 0.023862382), (6, 0.01719508), (8, 0.024773058)]"
475,"[(0, 0.044454597), (2, 0.29350019), (3, 0.016109664), (6, 0.016844407), (7, 0.010663872), (8, 0.21568723), (9, 0.39377797)]"
476,"[(0, 0.06848167), (1, 0.09409068), (3, 0.32644445), (4, 0.036099695), (5, 0.1398091), (6, 0.03326263), (7, 0.17989135), (8, 0.11385369)]"
477,"[(2, 0.28503326), (3, 0.07794896), (4, 0.010634435), (5, 0.20003426), (6, 0.011673787), (7, 0.13412918), (8, 0.2777848)]"
478,"[(0, 0.16083716), (1, 0.012221528), (2, 0.023840643), (4, 0.036278654), (6, 0.24668263), (7, 0.08536504), (8, 0.10215978), (9, 0.33143958)]"
479,"[(0, 0.16982748), (1, 0.28039), (2, 0.35472906), (3, 0.02390684), (7, 0.110540874), (8, 0.046501487)]"
48,"[(0, 0.027265845), (2, 0.0133157885), (3, 0.06400178), (4, 0.17988397), (6, 0.1415214), (8, 0.35627815), (9, 0.20771003)]"
480,"[(1, 0.05779153), (2, 0.028865607), (3, 0.07057684), (4, 0.14249133), (6, 0.01871035), (7, 0.06718918), (8, 0.45699412), (9, 0.15165837)]"
481,"[(0, 0.017210396), (1, 0.042257912), (2, 0.12060118), (5, 0.12111641), (6, 0.02270651), (7, 0.05182982), (8, 0.2545839), (9, 0.36716413)]"
482,"[(0, 0.093529955), (1, 0.07098306), (2, 0.08729977), (4, 0.1142263), (6, 0.024307355), (7, 0.08698346), (8, 0.4110471), (9, 0.11103352)]"
483,"[(0, 0.18965901), (1, 0.016258199), (2, 0.030402152), (4, 0.06932247), (5, 0.040260993), (8, 0.25763738), (9, 0.3931372)]"
484,"[(0, 0.42948675), (1, 0.24930517), (3, 0.107253), (4, 0.0583491), (6, 0.0590846), (7, 0.05495062), (8, 0.028765691)]"
485,"[(0, 0.11324371), (1, 0.102121174), (2, 0.06743755), (5, 0.015760362), (6, 0.13637102), (7, 0.14470169), (8, 0.22816333), (9, 0.18382177)]"
486,"[(0, 0.5068076), (1, 0.07418401), (2, 0.068421304), (3, 0.09795064), (4, 0.07260328), (6, 0.020299494), (8, 0.13894637), (9, 0.016860131)]"
487,"[(0, 0.5068051), (1, 0.07418269), (2, 0.068420954), (3, 0.097949244), (4, 0.07261727), (6, 0.020297835), (8, 0.13894612), (9, 0.016853815)]"
488,"[(0, 0.1276238), (2, 0.075145476), (3, 0.024535835), (5, 0.019690378), (6, 0.06155297), (7, 0.25414285), (8, 0.20975275), (9, 0.22537294)]"
489,"[(0, 0.108318895), (2, 0.23229222), (4, 0.013912127), (6, 0.0920795), (8, 0.46653754), (9, 0.075639784)]"
49,"[(0, 0.21557534), (1, 0.040975954), (2, 0.04422722), (3, 0.049739685), (4, 0.22067736), (6, 0.029654315), (7, 0.025059814), (8, 0.2584461), (9, 0.11521637)]"
490,"[(0, 0.01026333), (2, 0.48189148), (4, 0.045170516), (7, 0.03587765), (8, 0.13698387), (9, 0.27983138)]"
491,"[(2, 0.3815873), (6, 0.23702984), (7, 0.1241026), (8, 0.09598918), (9, 0.14097673)]"
492,"[(0, 0.032051682), (2, 0.10000249), (4, 0.15722714), (6, 0.013046107), (7, 0.051064145), (8, 0.30714414), (9, 0.33847454)]"
493,"[(0, 0.064472444), (1, 0.0150268935), (2, 0.09270364), (4, 0.051486064), (5, 0.020628933), (6, 0.121447414), (7, 0.08695171), (8, 0.40277886), (9, 0.1438307)]"
494,"[(0, 0.26369387), (5, 0.602229), (8, 0.12694728)]"
495,"[(0, 0.21326561), (2, 0.029272648), (3, 0.11739128), (4, 0.056487948), (5, 0.03351123), (6, 0.14691472), (7, 0.032218575), (8, 0.16112503), (9, 0.20915669)]"
496,"[(0, 0.15865386), (1, 0.016045872), (2, 0.028044127), (3, 0.040350262), (6, 0.06889642), (7, 0.07510355), (8, 0.21335103), (9, 0.39267215)]"
497,"[(0, 0.21679635), (3, 0.30834123), (4, 0.058134545), (6, 0.13429283), (7, 0.020982828), (8, 0.24268675)]"
498,"[(0, 0.027876377), (2, 0.3879514), (4, 0.04975398), (6, 0.06443933), (7, 0.046355255), (8, 0.03045825), (9, 0.39202172)]"
499,"[(0, 0.020209853), (1, 0.043779776), (2, 0.05693935), (4, 0.16604945), (6, 0.42259592), (8, 0.09216138), (9, 0.19223085)]"
5,"[(0, 0.08861358), (1, 0.0423423), (2, 0.036564503), (4, 0.039221495), (6, 0.13080005), (7, 0.2988555), (8, 0.21762915), (9, 0.14385562)]"
50,"[(0, 0.047599893), (1, 0.011189745), (2, 0.03787147), (3, 0.15387556), (4, 0.1330201), (6, 0.1092066), (7, 0.15615611), (8, 0.12671909), (9, 0.2241483)]"
500,"[(0, 0.06010351), (1, 0.0145104), (2, 0.09209548), (3, 0.060751993), (4, 0.16508101), (6, 0.042328823), (7, 0.23652421), (8, 0.15189323), (9, 0.17652254)]"
501,"[(0, 0.04856962), (1, 0.14549847), (2, 0.03117479), (3, 0.025734622), (4, 0.48353186), (6, 0.03277512), (7, 0.017760005), (8, 0.19568142), (9, 0.019143188)]"
502,"[(0, 0.20165479), (1, 0.27300277), (2, 0.018405112), (3, 0.013862436), (4, 0.024884006), (7, 0.10898116), (8, 0.28630716), (9, 0.07146167)]"
503,"[(0, 0.015187839), (1, 0.0387233), (2, 0.044829063), (3, 0.087208465), (6, 0.02237968), (7, 0.32326517), (8, 0.4392344), (9, 0.027504725)]"
504,"[(0, 0.10022932), (2, 0.12937222), (4, 0.1610923), (6, 0.062774815), (7, 0.14836848), (8, 0.29970652), (9, 0.096834786)]"
505,"[(1, 0.026358066), (2, 0.17542447), (3, 0.057926588), (4, 0.04750958), (5, 0.06638224), (7, 0.31879696), (8, 0.29742974)]"
506,"[(0, 0.04447988), (1, 0.013962071), (2, 0.16691421), (3, 0.12498035), (6, 0.065500215), (7, 0.030015165), (8, 0.53620577), (9, 0.016119013)]"
507,"[(0, 0.055228416), (2, 0.16542237), (4, 0.16683075), (6, 0.06238176), (7, 0.14450982), (8, 0.3138585), (9, 0.09012737)]"
508,"[(0, 0.24492057), (2, 0.2449978), (8, 0.011365536), (9, 0.4818807)]"
509,"[(0, 0.11693512), (1, 0.011204338), (2, 0.29035044), (4, 0.030516438), (6, 0.028349783), (7, 0.30441892), (8, 0.1969555), (9, 0.020500554)]"
51,"[(2, 0.1348254), (4, 0.07246201), (6, 0.031373564), (7, 0.06857489), (8, 0.28340825), (9, 0.40245783)]"
510,"[(0, 0.082958475), (1, 0.10298049), (2, 0.07806642), (3, 0.04968993), (7, 0.16322689), (8, 0.30908597), (9, 0.20505579)]"
511,"[(0, 0.09608544), (1, 0.149167), (2, 0.06741954), (4, 0.1396723), (8, 0.30507773), (9, 0.23088431)]"
512,"[(0, 0.023456201), (1, 0.22903278), (2, 0.0154533405), (3, 0.20900448), (6, 0.020351022), (7, 0.018943144), (8, 0.37650424), (9, 0.10372447)]"
513,"[(0, 0.12972297), (2, 0.21326217), (3, 0.03673206), (4, 0.025095424), (6, 0.06346444), (7, 0.07769326), (8, 0.30393004), (9, 0.14447653)]"
514,"[(0, 0.13046674), (1, 0.2020664), (2, 0.06683285), (3, 0.05530242), (4, 0.031332985), (7, 0.017113224), (8, 0.26896718), (9, 0.22632775)]"
515,"[(0, 0.1588138), (2, 0.08646399), (4, 0.045162756), (5, 0.027422799), (6, 0.014297398), (7, 0.070866846), (8, 0.5860918)]"
516,"[(0, 0.011697304), (2, 0.020518752), (4, 0.5252238), (7, 0.29678145), (8, 0.09614188), (9, 0.027426684)]"
517,"[(0, 0.02328273), (1, 0.01691209), (2, 0.18030107), (4, 0.25871596), (7, 0.11031405), (8, 0.3802116), (9, 0.027587084)]"
518,"[(0, 0.054710403), (1, 0.035378076), (2, 0.24983978), (3, 0.05393883), (4, 0.21510692), (7, 0.2340422), (8, 0.14944914)]"
519,"[(0, 0.10244723), (6, 0.055409815), (7, 0.17351553), (8, 0.5880302), (9, 0.06507455)]"
52,"[(1, 0.036479007), (2, 0.102600746), (3, 0.09353088), (6, 0.09510315), (7, 0.4764166), (8, 0.14347063), (9, 0.046525814)]"
520,"[(0, 0.028728323), (2, 0.016589748), (3, 0.16366413), (4, 0.07760154), (5, 0.04316724), (6, 0.07920055), (7, 0.30175927), (8, 0.19861834), (9, 0.085905194)]"
521,"[(0, 0.024196895), (1, 0.109215885), (2, 0.17744611), (4, 0.04885303), (7, 0.07703731), (8, 0.5015914), (9, 0.052737124)]"
522,"[(0, 0.044669967), (2, 0.1310972), (3, 0.09052911), (4, 0.074038796), (6, 0.06268827), (7, 0.24578328), (8, 0.20587839), (9, 0.14410666)]"
523,"[(0, 0.036749583), (1, 0.021684147), (2, 0.010551961), (3, 0.08670676), (4, 0.3891325), (5, 0.08179511), (6, 0.08570436), (7, 0.035737514), (8, 0.10169992), (9, 0.15023814)]"
524,"[(0, 0.033971634), (2, 0.3300501), (3, 0.021768501), (6, 0.02108792), (8, 0.1529802), (9, 0.42639244)]"
525,"[(1, 0.30654618), (2, 0.047967788), (3, 0.46357262), (4, 0.06141286), (5, 0.020568209), (7, 0.0141560845), (8, 0.06068007), (9, 0.023504123)]"
526,"[(2, 0.25320992), (3, 0.031211928), (8, 0.4472835), (9, 0.25981176)]"
527,"[(0, 0.11587379), (1, 0.09416974), (2, 0.08361372), (4, 0.12802283), (6, 0.24966787), (7, 0.013028137), (8, 0.090094745), (9, 0.22156863)]"
528,"[(0, 0.12149159), (1, 0.018338008), (2, 0.18922432), (3, 0.029341348), (4, 0.07669523), (5, 0.053943235), (7, 0.1040759), (8, 0.35689345), (9, 0.04894375)]"
529,"[(0, 0.14179236), (2, 0.15294874), (4, 0.011089717), (7, 0.1546863), (8, 0.49583548), (9, 0.030459309)]"
53,"[(0, 0.059836537), (1, 0.038466614), (2, 0.12659), (4, 0.016781196), (6, 0.43510625), (7, 0.13307363), (8, 0.10722595), (9, 0.08208926)]"
530,"[(0, 0.051046703), (1, 0.17555265), (2, 0.03673632), (3, 0.11461741), (5, 0.039039712), (6, 0.03077226), (8, 0.49303386), (9, 0.050264806)]"
531,"[(0, 0.01659321), (1, 0.061087582), (2, 0.06416593), (3, 0.05611342), (7, 0.43919322), (8, 0.34777334)]"
532,"[(1, 0.5664886), (2, 0.033485517), (4, 0.11038417), (7, 0.05575352), (8, 0.14682622), (9, 0.07626798)]"
533,"[(0, 0.04572651), (2, 0.107650615), (6, 0.2731927), (7, 0.08249822), (8, 0.015777927), (9, 0.4719323)]"
534,"[(0, 0.014036029), (2, 0.18641293), (4, 0.04135543), (5, 0.061138485), (7, 0.09641313), (8, 0.4700999), (9, 0.12632105)]"
535,"[(0, 0.14376238), (2, 0.1839593), (4, 0.2436486), (6, 0.13268656), (7, 0.11203946), (8, 0.09720185), (9, 0.08503632)]"
536,"[(0, 0.040485665), (2, 0.28740075), (4, 0.070174254), (7, 0.045524087), (8, 0.4541874), (9, 0.09281582)]"
537,"[(1, 0.06977378), (2, 0.0681495), (3, 0.047059372), (4, 0.06740629), (7, 0.056718584), (8, 0.55169076), (9, 0.12882541)]"
538,"[(0, 0.103260905), (2, 0.035319183), (4, 0.1770354), (6, 0.0147952195), (7, 0.092435546), (8, 0.36900717), (9, 0.20613725)]"
539,"[(6, 0.5811455), (9, 0.39835092)]"
54,"[(0, 0.15182614), (2, 0.17530914), (4, 0.056066893), (6, 0.3119883), (7, 0.07379456), (8, 0.037708305), (9, 0.18919297)]"
540,"[(0, 0.0881396), (2, 0.037686512), (4, 0.20550852), (6, 0.012087215), (7, 0.08519382), (8, 0.3693695), (9, 0.20024683)]"
541,"[(0, 0.030574571), (1, 0.08237127), (2, 0.059297338), (3, 0.14283913), (6, 0.452592), (8, 0.027884137), (9, 0.19572054)]"
542,"[(0, 0.17461902), (1, 0.045011785), (2, 0.14681977), (3, 0.04500468), (4, 0.033339933), (6, 0.14969611), (7, 0.012799043), (8, 0.019204555), (9, 0.3727591)]"
543,"[(0, 0.13243209), (6, 0.18549539), (7, 0.09428906), (8, 0.0127350995), (9, 0.55585164)]"
544,"[(0, 0.13667269), (2, 0.026565596), (4, 0.105321445), (7, 0.06619822), (8, 0.17892917), (9, 0.47807842)]"
545,"[(0, 0.08414608), (2, 0.12307897), (3, 0.029229028), (4, 0.060640737), (5, 0.021795306), (6, 0.29332098), (7, 0.19266357), (8, 0.14297976), (9, 0.051151242)]"
546,"[(2, 0.22311388), (6, 0.21855353), (7, 0.2863281), (8, 0.07128706), (9, 0.19022241)]"
547,"[(6, 0.074675485), (7, 0.28468606), (9, 0.6152456)]"
548,"[(0, 0.09772054), (1, 0.020905694), (2, 0.28312683), (4, 0.0372925), (7, 0.12658356), (8, 0.18198103), (9, 0.24572179)]"
549,"[(0, 0.041932777), (2, 0.08889685), (5, 0.036311932), (6, 0.3963204), (7, 0.057291456), (8, 0.01831285), (9, 0.3463936)]"
55,"[(0, 0.12680547), (1, 0.27484056), (2, 0.41229248), (3, 0.025519587), (7, 0.055543706), (8, 0.09103712)]"
550,"[(1, 0.3984904), (2, 0.015614218), (3, 0.13431677), (4, 0.03163832), (7, 0.10408365), (8, 0.10518115), (9, 0.19253245)]"
551,"[(0, 0.016304588), (2, 0.02292126), (3, 0.2847533), (4, 0.056772355), (5, 0.26273367), (6, 0.013485123), (7, 0.17908458), (8, 0.03555703), (9, 0.120306596)]"
552,"[(0, 0.013186043), (2, 0.06548978), (4, 0.019477407), (6, 0.046071816), (7, 0.37882087), (8, 0.035673082), (9, 0.43124586)]"
553,"[(0, 0.106784515), (1, 0.033966765), (2, 0.01595187), (4, 0.1686321), (6, 0.15576969), (7, 0.14637719), (8, 0.14009655), (9, 0.22889219)]"
554,"[(0, 0.01003202), (2, 0.01457018), (4, 0.045051675), (6, 0.2544378), (7, 0.074782155), (8, 0.06353281), (9, 0.5276424)]"
555,"[(0, 0.32260537), (1, 0.024747983), (2, 0.06400068), (3, 0.011256636), (7, 0.22741988), (8, 0.01794515), (9, 0.32926974)]"
556,"[(1, 0.08164579), (2, 0.09464735), (6, 0.3680369), (7, 0.11021333), (8, 0.08728224), (9, 0.24862936)]"
557,"[(0, 0.015805718), (1, 0.021355724), (2, 0.17485031), (3, 0.094172165), (4, 0.028380895), (6, 0.056030508), (7, 0.18422729), (8, 0.28158817), (9, 0.14017175)]"
558,"[(0, 0.07314642), (2, 0.09637718), (3, 0.021311225), (4, 0.07644334), (7, 0.23247044), (8, 0.44866112), (9, 0.041223176)]"
559,"[(2, 0.05456535), (3, 0.1440056), (6, 0.027325353), (7, 0.37237003), (8, 0.055775292), (9, 0.33942553)]"
56,"[(0, 0.069109626), (2, 0.08359121), (3, 0.04049607), (4, 0.05351139), (6, 0.059722666), (7, 0.14574103), (8, 0.08937897), (9, 0.45748264)]"
560,"[(0, 0.08417487), (2, 0.04472376), (3, 0.08449809), (4, 0.06610521), (5, 0.070401885), (6, 0.07158058), (7, 0.19341598), (8, 0.23596242), (9, 0.14839086)]"
561,"[(0, 0.08427652), (1, 0.022659874), (2, 0.05447002), (3, 0.101401515), (6, 0.022043826), (7, 0.1460628), (8, 0.5447625), (9, 0.0193792)]"
562,"[(0, 0.052229986), (1, 0.05524949), (2, 0.18173365), (4, 0.08115477), (5, 0.025772411), (6, 0.16826099), (7, 0.2324857), (8, 0.03296816), (9, 0.16922338)]"
563,"[(0, 0.05101887), (1, 0.026802123), (2, 0.3785268), (3, 0.123762295), (4, 0.011145902), (7, 0.037395578), (8, 0.27008423), (9, 0.099999145)]"
564,"[(0, 0.0558489), (1, 0.013057529), (2, 0.044479504), (3, 0.05035396), (7, 0.272725), (8, 0.28927225), (9, 0.26935336)]"
565,"[(0, 0.10176143), (2, 0.09100068), (6, 0.2654797), (7, 0.1290807), (8, 0.018865129), (9, 0.3877624)]"
566,"[(0, 0.067664735), (2, 0.06263992), (4, 0.022418117), (6, 0.16152462), (7, 0.20107083), (8, 0.05554691), (9, 0.42441383)]"
567,"[(0, 0.074205935), (1, 0.5811281), (2, 0.03530567), (8, 0.022065803), (9, 0.27050394)]"
568,"[(2, 0.11801238), (6, 0.13480638), (7, 0.16964334), (8, 0.0202611), (9, 0.5306315)]"
569,"[(2, 0.031845447), (4, 0.011213727), (6, 0.10030168), (7, 0.068085745), (8, 0.036604896), (9, 0.73151267)]"
57,"[(0, 0.07108995), (1, 0.022081004), (2, 0.027886594), (3, 0.0255229), (7, 0.06254912), (8, 0.04835268), (9, 0.7351597)]"
570,"[(0, 0.055237398), (2, 0.17230715), (3, 0.19604148), (4, 0.2261729), (7, 0.14945129), (8, 0.05698955), (9, 0.13763241)]"
571,"[(0, 0.057660867), (2, 0.05109196), (4, 0.055788476), (6, 0.27024677), (7, 0.37316), (8, 0.020547815), (9, 0.16452123)]"
572,"[(1, 0.07519869), (2, 0.2318963), (3, 0.13363667), (7, 0.098427854), (8, 0.35948452), (9, 0.08788349)]"
573,"[(0, 0.02167147), (1, 0.10032796), (2, 0.34739128), (4, 0.052454293), (6, 0.032506935), (7, 0.079498954), (8, 0.33329278), (9, 0.031354755)]"
574,"[(0, 0.05466096), (1, 0.1652734), (2, 0.41420376), (6, 0.02827424), (7, 0.1951776), (8, 0.13689746)]"
575,"[(2, 0.10088374), (3, 0.06443683), (4, 0.016840795), (6, 0.13995981), (7, 0.3208876), (8, 0.11040035), (9, 0.24388391)]"
576,"[(0, 0.08195371), (1, 0.3484359), (2, 0.046065077), (3, 0.14494), (7, 0.014425791), (8, 0.12441631), (9, 0.23822765)]"
577,"[(2, 0.23334341), (7, 0.096523255), (8, 0.37143704), (9, 0.28070113)]"
578,"[(0, 0.064797625), (1, 0.36700225), (2, 0.047870412), (3, 0.121461906), (7, 0.012982164), (8, 0.15538089), (9, 0.22912654)]"
579,"[(0, 0.014171636), (1, 0.13076393), (2, 0.052233275), (3, 0.02805427), (4, 0.28418097), (7, 0.049816385), (8, 0.40582433), (9, 0.034444235)]"
58,"[(0, 0.037765473), (1, 0.08311577), (2, 0.03921657), (3, 0.012596342), (4, 0.09488571), (6, 0.03611394), (7, 0.07765131), (8, 0.14405009), (9, 0.46515477)]"
580,"[(0, 0.09975216), (2, 0.0230921), (3, 0.35017443), (4, 0.014840565), (6, 0.14377023), (7, 0.12265158), (8, 0.18886459), (9, 0.048436787)]"
581,"[(2, 0.023984343), (3, 0.027722104), (6, 0.17832893), (7, 0.09347929), (8, 0.060342427), (9, 0.5959697)]"
582,"[(0, 0.02233299), (2, 0.021081194), (3, 0.19854756), (4, 0.07062932), (6, 0.34369186), (7, 0.02606247), (8, 0.036013283), (9, 0.27880618)]"
583,"[(0, 0.040596895), (2, 0.021124996), (4, 0.011051196), (6, 0.053735495), (7, 0.019622063), (8, 0.052481916), (9, 0.7891911)]"
584,"[(1, 0.16377166), (5, 0.087460116), (6, 0.12783146), (7, 0.014631941), (8, 0.5763447), (9, 0.021043224)]"
585,"[(0, 0.07381927), (1, 0.05152159), (3, 0.48714447), (6, 0.034007136), (7, 0.102725394), (8, 0.09316485), (9, 0.15223727)]"
586,"[(0, 0.052344304), (1, 0.08819572), (2, 0.014108637), (3, 0.68032974), (7, 0.10259578), (8, 0.017803017), (9, 0.026707906)]"
587,"[(0, 0.07255141), (1, 0.030633077), (3, 0.515996), (6, 0.028694572), (7, 0.10532777), (8, 0.10071102), (9, 0.14053902)]"
588,"[(0, 0.03450013), (1, 0.11862257), (2, 0.118078604), (3, 0.04472545), (5, 0.043527715), (7, 0.43359444), (8, 0.17820033), (9, 0.025086248)]"
589,"[(2, 0.015716225), (4, 0.010203871), (6, 0.06563135), (7, 0.3646072), (8, 0.031367086), (9, 0.49139878)]"
59,"[(0, 0.12234588), (2, 0.04139689), (3, 0.24308115), (5, 0.02023571), (7, 0.14467502), (8, 0.020959403), (9, 0.39659655)]"
590,"[(1, 0.11449422), (3, 0.07187017), (4, 0.18359998), (5, 0.35005087), (8, 0.03731224), (9, 0.21925262)]"
591,"[(0, 0.010887919), (2, 0.021320216), (4, 0.010198802), (5, 0.117924444), (7, 0.16700323), (8, 0.019145474), (9, 0.63541114)]"
592,"[(0, 0.114964955), (1, 0.05282327), (2, 0.05247177), (3, 0.04375702), (4, 0.025332727), (5, 0.038760174), (7, 0.076098755), (8, 0.16419736), (9, 0.42562827)]"
593,"[(0, 0.012050218), (2, 0.01572291), (4, 0.010351449), (6, 0.1039948), (7, 0.08087844), (8, 0.17945439), (9, 0.58608323)]"
594,"[(2, 0.047856312), (3, 0.077237144), (4, 0.2468843), (7, 0.37567982), (8, 0.020055234), (9, 0.20808455)]"
595,"[(2, 0.011491141), (6, 0.032274168), (7, 0.34248653), (8, 0.010066682), (9, 0.5870265)]"
596,"[(1, 0.059874937), (2, 0.01976713), (3, 0.37684038), (4, 0.14258221), (6, 0.061692286), (8, 0.013463924), (9, 0.30905458)]"
597,"[(1, 0.14485869), (2, 0.037724033), (3, 0.25897345), (7, 0.06259661), (8, 0.19951493), (9, 0.28153387)]"
598,"[(0, 0.08495448), (2, 0.04385488), (3, 0.581096), (6, 0.027153485), (8, 0.036228813), (9, 0.21789381)]"
599,"[(1, 0.023279816), (6, 0.13050471), (7, 0.07500069), (8, 0.09603222), (9, 0.6583644)]"
6,"[(0, 0.30968672), (2, 0.014849681), (3, 0.14016484), (4, 0.14579862), (6, 0.04055668), (7, 0.043845206), (8, 0.1239387), (9, 0.17974235)]"
60,"[(0, 0.19334917), (1, 0.07751762), (2, 0.07143824), (3, 0.15767853), (4, 0.031665936), (6, 0.0983416), (7, 0.02758605), (8, 0.19594973), (9, 0.14623815)]"
600,"[(0, 0.07486382), (2, 0.019309975), (3, 0.041103348), (4, 0.19834812), (6, 0.03597742), (7, 0.040814348), (8, 0.29828238), (9, 0.28864866)]"
601,"[(0, 0.05136133), (1, 0.013680051), (2, 0.108261846), (3, 0.04884232), (4, 0.18430717), (6, 0.088591754), (7, 0.2108015), (8, 0.07945767), (9, 0.21435101)]"
602,"[(0, 0.05735746), (3, 0.011690609), (4, 0.10559666), (6, 0.048007037), (7, 0.04538632), (8, 0.2128875), (9, 0.51197773)]"
603,"[(0, 0.074858084), (2, 0.019295417), (3, 0.04110691), (4, 0.1983492), (6, 0.0359775), (7, 0.040814415), (8, 0.29829642), (9, 0.28865016)]"
604,"[(0, 0.06485168), (4, 0.10237031), (6, 0.03185689), (7, 0.050692607), (8, 0.20216577), (9, 0.5341586)]"
605,"[(0, 0.4426667), (2, 0.054316252), (3, 0.014181316), (4, 0.046005502), (5, 0.011174882), (6, 0.026401758), (7, 0.3683613), (8, 0.033324555)]"
606,"[(0, 0.17732233), (2, 0.16137736), (4, 0.012563327), (6, 0.1245012), (7, 0.021962153), (8, 0.06394177), (9, 0.43029854)]"
607,"[(2, 0.18912335), (4, 0.16191863), (6, 0.093063064), (8, 0.15140744), (9, 0.3914022)]"
608,"[(2, 0.20268491), (4, 0.3079305), (8, 0.3946273), (9, 0.07422847)]"
609,"[(2, 0.10763808), (4, 0.10492582), (7, 0.18774192), (8, 0.090377435), (9, 0.4968675)]"
61,"[(0, 0.078160785), (1, 0.020241713), (2, 0.21887572), (3, 0.025802094), (4, 0.039297376), (6, 0.30513543), (7, 0.08778914), (8, 0.11642473), (9, 0.1080848)]"
610,"[(0, 0.032354545), (1, 0.039839633), (2, 0.44211367), (3, 0.012189894), (4, 0.03225983), (5, 0.012574101), (6, 0.06773751), (7, 0.037969664), (8, 0.22916976), (9, 0.09379138)]"
611,"[(0, 0.018725835), (1, 0.2812854), (2, 0.11146381), (4, 0.30044973), (8, 0.19268233), (9, 0.08362197)]"
612,"[(1, 0.025861027), (2, 0.080692954), (4, 0.5817168), (6, 0.039425965), (7, 0.020607498), (8, 0.11557527), (9, 0.13187681)]"
613,"[(0, 0.011669043), (1, 0.023582784), (2, 0.5072974), (4, 0.015145525), (6, 0.032126214), (7, 0.15470937), (8, 0.19976573), (9, 0.055314012)]"
614,"[(2, 0.5738818), (4, 0.057329852), (7, 0.17733665), (8, 0.14418365), (9, 0.034816265)]"
615,"[(1, 0.034870837), (2, 0.5357604), (6, 0.02746775), (7, 0.1012219), (8, 0.21791066), (9, 0.06916838)]"
616,"[(0, 0.052365664), (1, 0.022289468), (2, 0.4345696), (4, 0.02546092), (5, 0.047996853), (7, 0.2568996), (8, 0.14800094)]"
617,"[(0, 0.044292003), (1, 0.02489901), (2, 0.5557404), (7, 0.117150806), (8, 0.23765205), (9, 0.015317376)]"
618,"[(1, 0.07122315), (2, 0.124509424), (3, 0.08691535), (4, 0.04886964), (6, 0.0406813), (7, 0.17131346), (8, 0.4465866)]"
619,"[(0, 0.058791883), (1, 0.07173418), (2, 0.060661305), (4, 0.078535296), (5, 0.01574617), (6, 0.1291525), (7, 0.048088644), (8, 0.04034143), (9, 0.49015948)]"
62,"[(0, 0.09644858), (1, 0.029763203), (2, 0.094872154), (3, 0.3087872), (4, 0.024733992), (6, 0.11330426), (7, 0.25862634), (8, 0.030463992), (9, 0.04286752)]"
620,"[(0, 0.08748552), (1, 0.03602486), (2, 0.11439553), (4, 0.2075034), (7, 0.24555811), (8, 0.27036303), (9, 0.025531668)]"
621,"[(2, 0.012262147), (4, 0.60763675), (6, 0.030508202), (7, 0.031554904), (8, 0.15814346), (9, 0.14649121)]"
622,"[(2, 0.1852417), (3, 0.016867742), (4, 0.1672839), (6, 0.083421126), (7, 0.13016559), (8, 0.36124957), (9, 0.05058039)]"
623,"[(0, 0.06792446), (2, 0.0384987), (3, 0.07772612), (4, 0.039452676), (5, 0.098718025), (6, 0.14104795), (7, 0.080331065), (8, 0.262505), (9, 0.19306692)]"
624,"[(0, 0.028600877), (1, 0.042305823), (2, 0.19036107), (4, 0.07480142), (6, 0.06532989), (7, 0.028743448), (8, 0.24006513), (9, 0.32251504)]"
625,"[(0, 0.025505956), (1, 0.0421767), (2, 0.19081815), (4, 0.081476904), (6, 0.06638507), (7, 0.026426898), (8, 0.22378679), (9, 0.33603776)]"
626,"[(2, 0.07326797), (3, 0.027256496), (4, 0.011409082), (7, 0.017858826), (8, 0.07516672), (9, 0.7780083)]"
627,"[(0, 0.024436768), (2, 0.18926874), (4, 0.15265143), (6, 0.246055), (7, 0.036799278), (8, 0.066632204), (9, 0.28086174)]"
628,"[(0, 0.17660718), (1, 0.016005993), (2, 0.0289459), (4, 0.063747846), (5, 0.014161004), (6, 0.08158074), (7, 0.042363938), (8, 0.10282049), (9, 0.47297522)]"
629,"[(0, 0.45088983), (2, 0.059142545), (3, 0.022908244), (6, 0.08385351), (7, 0.23650211), (8, 0.035487793), (9, 0.09434281)]"
63,"[(0, 0.013374098), (1, 0.027477978), (2, 0.16591972), (3, 0.039454117), (4, 0.34929234), (6, 0.0806238), (7, 0.11166178), (8, 0.18665932), (9, 0.02535275)]"
630,"[(0, 0.18134134), (2, 0.035554048), (4, 0.23263077), (6, 0.073347576), (7, 0.08938998), (8, 0.12974924), (9, 0.2552052)]"
631,"[(0, 0.32883975), (2, 0.10627556), (6, 0.09178151), (7, 0.103279166), (8, 0.14304341), (9, 0.21951477)]"
632,"[(2, 0.25701413), (3, 0.04098388), (5, 0.15664196), (6, 0.3025241), (7, 0.055637438), (8, 0.17424728)]"
633,"[(0, 0.1644699), (2, 0.047002155), (4, 0.242812), (6, 0.01856583), (7, 0.26139084), (8, 0.248492), (9, 0.01067617)]"
634,"[(0, 0.14577623), (1, 0.021919392), (2, 0.23319067), (4, 0.027330332), (6, 0.038141567), (7, 0.07391915), (8, 0.18846048), (9, 0.27010214)]"
635,"[(0, 0.15168026), (2, 0.037752338), (4, 0.24121389), (6, 0.07092704), (7, 0.09630272), (8, 0.121842556), (9, 0.27717295)]"
636,"[(0, 0.22859411), (4, 0.026779266), (6, 0.02748022), (7, 0.3952973), (8, 0.22344081), (9, 0.08678415)]"
637,"[(0, 0.5442744), (2, 0.02348655), (5, 0.03512492), (6, 0.015724992), (7, 0.33050916), (8, 0.02969069), (9, 0.014677732)]"
638,"[(0, 0.038476676), (1, 0.056449186), (2, 0.03776186), (4, 0.7169232), (8, 0.010540564), (9, 0.12622772)]"
639,"[(0, 0.06683462), (2, 0.1057281), (3, 0.083104655), (4, 0.014660168), (5, 0.06440854), (6, 0.01562501), (7, 0.29869527), (8, 0.33879173), (9, 0.0102360705)]"
64,"[(1, 0.04532727), (2, 0.22198825), (4, 0.109176055), (6, 0.03227688), (7, 0.33476332), (8, 0.24448809)]"
640,"[(2, 0.17183724), (4, 0.15644163), (5, 0.23591559), (6, 0.28088507), (7, 0.039492182), (8, 0.023256298), (9, 0.08536214)]"
641,"[(0, 0.03250266), (1, 0.38915825), (2, 0.06911164), (4, 0.2864195), (7, 0.09742628), (8, 0.08035579), (9, 0.04022399)]"
642,"[(0, 0.6210143), (2, 0.024552677), (6, 0.14112687), (7, 0.065249264), (8, 0.08306852), (9, 0.06035399)]"
643,"[(0, 0.5687566), (2, 0.020111935), (5, 0.033610035), (6, 0.018372385), (7, 0.31872928), (8, 0.027122885), (9, 0.010898902)]"
644,"[(0, 0.040806487), (1, 0.17262237), (2, 0.07755964), (3, 0.044836868), (4, 0.36411458), (6, 0.012589664), (7, 0.019089893), (8, 0.10711674), (9, 0.16104354)]"
645,"[(0, 0.12612374), (1, 0.050075106), (2, 0.057284374), (3, 0.08801148), (7, 0.2829706), (8, 0.2940737), (9, 0.094590865)]"
646,"[(0, 0.19712149), (1, 0.032952294), (2, 0.049638417), (3, 0.057785917), (4, 0.10139661), (6, 0.029243948), (7, 0.059727527), (8, 0.3270006), (9, 0.13932005)]"
647,"[(0, 0.11159865), (2, 0.057444133), (4, 0.20921692), (6, 0.08368492), (7, 0.23960377), (8, 0.26792786), (9, 0.023311177)]"
648,"[(0, 0.14726388), (2, 0.19654246), (4, 0.019474894), (6, 0.13277818), (8, 0.07054918), (9, 0.42569557)]"
649,"[(0, 0.044887763), (2, 0.27075443), (3, 0.01837191), (4, 0.012933225), (6, 0.016847828), (7, 0.0107072), (8, 0.20918915), (9, 0.41494474)]"
65,"[(1, 0.012513389), (2, 0.24923559), (3, 0.027489977), (4, 0.49431416), (7, 0.044124328), (8, 0.13477035), (9, 0.025821822)]"
650,"[(0, 0.21915717), (1, 0.030754397), (2, 0.065349534), (6, 0.057419218), (7, 0.032435276), (9, 0.5863554)]"
651,"[(0, 0.05234522), (1, 0.025465904), (3, 0.11684951), (4, 0.25813136), (5, 0.024855798), (7, 0.10354251), (8, 0.18255952), (9, 0.22618245)]"
652,"[(0, 0.1421223), (2, 0.03596366), (4, 0.06367488), (5, 0.11226535), (6, 0.02817454), (7, 0.08354169), (9, 0.5262258)]"
653,"[(0, 0.031273637), (2, 0.27791333), (4, 0.09616236), (6, 0.08373146), (9, 0.4985685)]"
654,"[(0, 0.16287827), (1, 0.014076872), (2, 0.27632192), (4, 0.08283964), (6, 0.035671134), (7, 0.217018), (8, 0.17505884), (9, 0.03480366)]"
655,"[(0, 0.042966936), (2, 0.081258066), (4, 0.019285608), (6, 0.16947642), (7, 0.18848361), (9, 0.49332133)]"
656,"[(0, 0.071489416), (2, 0.1328889), (4, 0.013023074), (6, 0.108214855), (7, 0.07268584), (8, 0.013618483), (9, 0.5810675)]"
657,"[(2, 0.2374138), (3, 0.031134054), (4, 0.4688571), (6, 0.020050384), (8, 0.22045204), (9, 0.013191537)]"
658,"[(1, 0.0828494), (2, 0.17328559), (3, 0.036273282), (4, 0.05999664), (6, 0.035707373), (7, 0.291629), (8, 0.29116282), (9, 0.025245763)]"
659,"[(0, 0.034843948), (2, 0.15207031), (4, 0.15099475), (6, 0.057924237), (7, 0.1392841), (8, 0.38195524), (9, 0.07945716)]"
66,"[(0, 0.013732838), (2, 0.14862451), (3, 0.025188329), (4, 0.2166405), (6, 0.083785124), (7, 0.23810534), (8, 0.09927139), (9, 0.1737833)]"
660,"[(1, 0.12605634), (2, 0.19051668), (3, 0.010955753), (4, 0.508277), (8, 0.09213408), (9, 0.054226253)]"
661,"[(0, 0.022881113), (1, 0.015182021), (2, 0.19074458), (4, 0.14182714), (6, 0.1744772), (7, 0.22006051), (8, 0.22158569), (9, 0.012387164)]"
662,"[(2, 0.5344353), (3, 0.041077327), (4, 0.2470066), (6, 0.047300186), (8, 0.091457635), (9, 0.028872041)]"
663,"[(0, 0.041131776), (1, 0.40283155), (2, 0.2862682), (4, 0.03345701), (7, 0.013649671), (8, 0.051705074), (9, 0.15936372)]"
664,"[(0, 0.08308537), (1, 0.018140255), (2, 0.12279175), (3, 0.047291726), (5, 0.015218999), (6, 0.015926965), (7, 0.1488482), (8, 0.47630095), (9, 0.06893456)]"
665,"[(2, 0.014326362), (3, 0.05578933), (4, 0.7164163), (7, 0.017533982), (8, 0.1418338), (9, 0.03365461)]"
666,"[(1, 0.45041218), (2, 0.17295761), (4, 0.017941494), (7, 0.14237167), (8, 0.019995188), (9, 0.1755177)]"
667,"[(0, 0.052863285), (1, 0.046504576), (2, 0.10193196), (3, 0.012739146), (4, 0.16939466), (6, 0.037351903), (8, 0.15603805), (9, 0.4205499)]"
668,"[(0, 0.0766413), (1, 0.08293683), (2, 0.16641024), (4, 0.19009236), (5, 0.037068322), (6, 0.06967349), (7, 0.10164875), (8, 0.23507638), (9, 0.039351318)]"
669,"[(0, 0.026108855), (1, 0.080718145), (2, 0.06309266), (4, 0.08499032), (6, 0.27854002), (7, 0.11869096), (8, 0.074666), (9, 0.27253833)]"
67,"[(0, 0.065814905), (2, 0.36434397), (3, 0.07186463), (4, 0.023448221), (6, 0.09728874), (7, 0.26700366), (8, 0.065768026), (9, 0.029279646)]"
670,"[(0, 0.02261949), (1, 0.041495502), (2, 0.28090277), (3, 0.39450693), (4, 0.014478595), (6, 0.04662379), (7, 0.08122985), (8, 0.076312125), (9, 0.041703317)]"
671,"[(1, 0.038901817), (2, 0.040094145), (4, 0.04014325), (7, 0.59272695), (8, 0.05235657), (9, 0.21441747)]"
672,"[(0, 0.053498037), (1, 0.08475882), (4, 0.22715142), (6, 0.02454093), (7, 0.019922793), (8, 0.379524), (9, 0.19694357)]"
673,"[(0, 0.011404661), (1, 0.035154976), (7, 0.54478604), (8, 0.30945015), (9, 0.08753533)]"
674,"[(0, 0.09803127), (2, 0.10900861), (3, 0.013866776), (4, 0.04252005), (5, 0.029690173), (6, 0.033799704), (7, 0.23574515), (8, 0.3236677), (9, 0.112478375)]"
675,"[(1, 0.1628574), (2, 0.15476905), (3, 0.5589069), (7, 0.03299336), (8, 0.032589924), (9, 0.047861617)]"
676,"[(0, 0.031738665), (2, 0.0725374), (3, 0.4152715), (4, 0.047456603), (6, 0.011419915), (7, 0.235016), (8, 0.07418979), (9, 0.11129607)]"
677,"[(0, 0.020902885), (1, 0.026300406), (2, 0.078192346), (4, 0.109738365), (5, 0.01241245), (6, 0.320739), (7, 0.14565831), (8, 0.11238536), (9, 0.16397552)]"
678,"[(0, 0.045412444), (1, 0.04443969), (2, 0.12652716), (4, 0.037166648), (6, 0.032325152), (7, 0.5446222), (8, 0.12340708), (9, 0.04508073)]"
679,"[(0, 0.041449077), (1, 0.045393456), (2, 0.27008596), (3, 0.40374163), (6, 0.030347114), (7, 0.083228774), (8, 0.110156894), (9, 0.013647647)]"
68,"[(0, 0.051704362), (1, 0.013986267), (2, 0.048149217), (3, 0.11253912), (4, 0.022818835), (6, 0.022657117), (7, 0.31625345), (8, 0.3847294), (9, 0.02678759)]"
680,"[(0, 0.11638822), (1, 0.020756003), (2, 0.11469249), (3, 0.023530904), (7, 0.43418956), (8, 0.2779442)]"
69,"[(0, 0.0753955), (1, 0.047939163), (2, 0.122282885), (3, 0.069898255), (6, 0.02347278), (7, 0.2791963), (8, 0.3447388), (9, 0.031580947)]"
7,"[(0, 0.1738295), (2, 0.016026828), (4, 0.012184789), (5, 0.07618762), (6, 0.11754429), (7, 0.16387713), (8, 0.20639586), (9, 0.2258839)]"
70,"[(1, 0.1813634), (2, 0.11523449), (3, 0.06578978), (4, 0.2563401), (7, 0.06755923), (8, 0.1438152), (9, 0.16034737)]"
71,"[(0, 0.057825748), (2, 0.31520367), (3, 0.031729467), (4, 0.024105607), (6, 0.012688718), (7, 0.14460142), (8, 0.39354846), (9, 0.01192308)]"
72,"[(0, 0.021606596), (1, 0.1941613), (2, 0.121653266), (3, 0.06750099), (4, 0.032611877), (6, 0.17648755), (7, 0.26536843), (8, 0.11805372)]"
73,"[(0, 0.12985745), (2, 0.018263025), (3, 0.0936961), (4, 0.010851077), (6, 0.08355957), (7, 0.051833134), (8, 0.38280675), (9, 0.22405462)]"
74,"[(0, 0.04455122), (1, 0.12118606), (2, 0.20803016), (4, 0.04353658), (6, 0.25142467), (7, 0.063623436), (8, 0.09390229), (9, 0.17268606)]"
75,"[(0, 0.0916838), (1, 0.030809183), (2, 0.08696814), (3, 0.02105466), (4, 0.06674472), (6, 0.2975402), (7, 0.08062985), (8, 0.18815939), (9, 0.13624845)]"
76,"[(0, 0.10072176), (1, 0.03957319), (2, 0.092575856), (3, 0.01269424), (4, 0.07683294), (6, 0.28654614), (7, 0.073788255), (8, 0.16687983), (9, 0.15022731)]"
77,"[(0, 0.05238826), (2, 0.106185086), (4, 0.071482256), (5, 0.019549929), (6, 0.084194496), (7, 0.11298651), (8, 0.3657778), (9, 0.17947811)]"
78,"[(0, 0.029196287), (2, 0.09466018), (4, 0.10103112), (6, 0.03506748), (7, 0.08573029), (8, 0.49599156), (9, 0.1553286)]"
79,"[(0, 0.10002108), (1, 0.026620446), (2, 0.17118011), (3, 0.019180808), (4, 0.044969246), (6, 0.26029718), (7, 0.14499828), (8, 0.10182662), (9, 0.13071015)]"
8,"[(0, 0.18971576), (1, 0.04393986), (2, 0.021937296), (4, 0.029081916), (5, 0.01007683), (6, 0.038596366), (7, 0.2328329), (8, 0.3197605), (9, 0.11237917)]"
80,"[(0, 0.03761297), (1, 0.010360957), (2, 0.0472696), (6, 0.1770408), (7, 0.23950088), (8, 0.09375847), (9, 0.3884944)]"
81,"[(0, 0.10039166), (1, 0.09984634), (2, 0.0637952), (3, 0.020546645), (6, 0.06781537), (7, 0.08488186), (8, 0.47011015), (9, 0.08921699)]"
82,"[(0, 0.034021948), (1, 0.011291319), (2, 0.046101127), (4, 0.019350616), (6, 0.15246688), (7, 0.2609056), (8, 0.091466315), (9, 0.38358194)]"
83,"[(0, 0.10544713), (1, 0.11082301), (2, 0.03724245), (3, 0.012294359), (4, 0.6485838), (6, 0.020479465), (8, 0.022631226), (9, 0.033509772)]"
84,"[(0, 0.06683334), (2, 0.10573655), (3, 0.08310583), (4, 0.014661439), (5, 0.06440815), (6, 0.0155992275), (7, 0.29871172), (8, 0.33879152), (9, 0.010236361)]"
85,"[(2, 0.17183769), (4, 0.15644372), (5, 0.2359158), (6, 0.28088737), (7, 0.039495848), (8, 0.02325552), (9, 0.08535725)]"
86,"[(0, 0.03250079), (1, 0.3891585), (2, 0.069112375), (4, 0.28642082), (7, 0.097428404), (8, 0.08035589), (9, 0.04022137)]"
87,"[(0, 0.621015), (2, 0.024561096), (6, 0.14112872), (7, 0.06524883), (8, 0.08306463), (9, 0.060347296)]"
88,"[(2, 0.08857955), (3, 0.13837165), (4, 0.034695394), (6, 0.12893581), (7, 0.13193907), (8, 0.24173205), (9, 0.22815843)]"
89,"[(0, 0.039088655), (1, 0.010955926), (2, 0.029952195), (3, 0.082376614), (4, 0.06538804), (6, 0.2648484), (7, 0.10137001), (8, 0.028481003), (9, 0.36902988)]"
9,"[(0, 0.20394765), (4, 0.22148027), (5, 0.087278396), (6, 0.027218089), (7, 0.17121555), (8, 0.15693), (9, 0.12174903)]"
90,"[(0, 0.0876205), (1, 0.016186941), (2, 0.19161704), (6, 0.5829232), (8, 0.087149836), (9, 0.025259636)]"
91,"[(0, 0.08925793), (1, 0.02205778), (2, 0.19077964), (6, 0.5331506), (7, 0.015841728), (8, 0.1141502), (9, 0.025970206)]"
92,"[(0, 0.107152075), (1, 0.032640006), (2, 0.09886607), (3, 0.024422405), (4, 0.054212358), (6, 0.036035042), (7, 0.04858785), (8, 0.5772204), (9, 0.020787405)]"
93,"[(0, 0.09644999), (1, 0.029762594), (2, 0.094868094), (3, 0.30878937), (4, 0.024733987), (6, 0.11329533), (7, 0.25862685), (8, 0.030453337), (9, 0.042887688)]"
94,"[(0, 0.043751836), (1, 0.060527183), (2, 0.08957876), (6, 0.50391525), (7, 0.11495106), (9, 0.1780186)]"
95,"[(0, 0.043040562), (1, 0.080210954), (2, 0.0663733), (3, 0.019881891), (6, 0.5011281), (7, 0.121187404), (9, 0.1572392)]"
96,"[(0, 0.08006061), (1, 0.014298914), (2, 0.13525532), (4, 0.2479757), (6, 0.27521348), (7, 0.048997957), (8, 0.18006499), (9, 0.017409572)]"
97,"[(0, 0.080061056), (1, 0.014298916), (2, 0.13525552), (4, 0.24797614), (6, 0.27521414), (7, 0.048997883), (8, 0.1800656), (9, 0.017407343)]"
98,"[(0, 0.044229645), (1, 0.023788156), (2, 0.06951658), (3, 0.0248213), (4, 0.04920987), (5, 0.5033329), (6, 0.03830188), (7, 0.070596784), (8, 0.09526869), (9, 0.08093422)]"
99,"[(2, 0.014924104), (3, 0.43449062), (4, 0.010730338), (5, 0.46104625), (7, 0.0148118995), (8, 0.02318602), (9, 0.017647926)]"
